date,team_1,team_2,_map,result_1,result_2,map_winner,starting_ct,ct_1,t_2,t_1,ct_2,event_id,match_id,rank_1,rank_2,map_wins_1,map_wins_2,match_winner
2020-03-18,Recon 5,TeamOne,Dust2,0,16,2,2,0,1,0,15,5151,2340454,62,63,0,2,2
2020-03-18,Recon 5,TeamOne,Inferno,13,16,2,2,8,6,5,10,5151,2340454,62,63,0,2,2
2020-03-18,New England Whalers,Station7,Inferno,12,16,2,1,9,6,3,10,5243,2340461,140,118,12,16,2
2020-03-18,Rugratz,Bad News Bears,Inferno,7,16,2,2,0,8,7,8,5151,2340453,61,38,0,2,2
2020-03-18,Rugratz,Bad News Bears,Vertigo,8,16,2,2,4,5,4,11,5151,2340453,61,38,0,2,2
2020-03-17,Singularity,Endpoint,Overpass,13,16,2,2,8,6,5,10,5247,2340456,71,41,0,2,2
2020-03-17,Singularity,Endpoint,Vertigo,11,16,2,1,6,9,5,7,5247,2340456,71,41,0,2,2
2020-03-17,Espada,Tricked,Dust2,16,10,1,2,3,8,13,2,5247,2340455,56,77,2,0,1
2020-03-17,Espada,Tricked,Nuke,16,10,1,1,7,8,9,2,5247,2340455,56,77,2,0,1
2020-03-17,fnatic,BIG,Mirage,12,16,2,1,9,6,3,10,5226,2340397,5,18,1,2,2
2020-03-17,Sprout,Movistar Riders,Mirage,16,10,1,2,9,2,7,8,5150,2340447,33,37,2,0,1
2020-03-17,Rooster,Skyfire,Inferno,16,13,1,1,7,8,9,5,5236,2340444,103,126,2,0,1
2020-03-17,Rooster,Skyfire,Overpass,16,1,1,2,2,0,14,1,5236,2340444,103,126,2,0,1
2020-03-17,Paradox,Airborne,Nuke,19,16,1,1,8,7,7,8,5236,2340443,112,187,1,2,2
2020-03-17,Paradox,Airborne,Mirage,9,16,2,2,6,4,3,12,5236,2340443,112,187,1,2,2
2020-03-17,Paradox,Airborne,Inferno,10,16,2,1,5,10,5,6,5236,2340443,112,187,1,2,2
2020-03-17,Alcoholics Anonymous,Station7,Mirage,5,16,2,2,2,4,3,12,5243,2340131,117,118,5,16,2
2020-03-17,New England Whalers,District 7,Nuke,16,7,1,2,7,1,9,6,5243,2340130,140,91,16,7,1
2020-03-17,AGO,HellRaisers,Train,16,5,1,2,3,3,13,2,5150,2340449,45,49,2,0,1
2020-03-17,AGO,HellRaisers,Inferno,16,5,1,1,11,4,5,1,5150,2340449,45,49,2,0,1
2020-03-17,Sprout,Movistar Riders,Inferno,16,7,1,1,13,2,3,5,5150,2340447,33,37,2,0,1
2020-03-17,fnatic,BIG,Overpass,16,7,1,2,4,4,12,3,5226,2340397,5,18,1,2,2
2020-03-17,Natus Vincere,North,Nuke,10,16,2,1,7,8,3,8,5226,2340396,1,23,0,2,2
2020-03-17,Natus Vincere,North,Dust2,10,16,2,1,5,10,5,6,5226,2340396,1,23,0,2,2
2020-03-17,forZe,Complexity,Train,9,16,2,2,3,7,6,9,5226,2340279,24,17,2,1,1
2020-03-17,forZe,Complexity,Mirage,19,17,1,1,10,5,5,10,5226,2340279,24,17,2,1,1
2020-03-17,fnatic,BIG,Inferno,7,16,2,1,5,10,2,6,5226,2340397,5,18,1,2,2
2020-03-17,forZe,Complexity,Dust2,16,9,1,2,8,2,8,7,5226,2340279,24,17,2,1,1
2020-03-17,pro100,Japaleno,Inferno,8,16,2,1,5,10,3,6,5150,2340448,43,64,0,2,2
2020-03-17,pro100,Japaleno,Dust2,14,16,2,2,6,9,8,7,5150,2340448,43,64,0,2,2
2020-03-17,GamerLegion,Nordavind,Vertigo,16,9,1,2,8,2,8,7,5150,2340450,35,47,1,2,2
2020-03-17,GamerLegion,Nordavind,Mirage,9,16,2,2,5,5,4,11,5150,2340450,35,47,1,2,2
2020-03-17,GamerLegion,Nordavind,Nuke,14,16,2,2,10,5,4,11,5150,2340450,35,47,1,2,2
2020-03-16,District 7,Bad News Bears,Vertigo,7,16,2,2,1,7,6,9,5151,2340320,93,33,7,16,2
2020-03-16,Thunder Logic,TeamOne,Mirage,5,16,2,1,4,11,1,5,5151,2340426,160,126,5,16,2
2020-03-16,Bad News Bears,Station7,Inferno,16,8,1,2,6,3,10,5,5151,2340315,33,133,16,8,1
2020-03-16,Rugratz,New England Whalers,Mirage,16,10,1,2,5,6,11,4,5151,2340046,85,178,16,10,1
2020-03-16,Recon 5,Oceanus,Nuke,16,5,1,1,10,5,6,0,5151,2340317,74,121,16,5,1
2020-03-16,Chaos,In The Lab,Dust2,16,1,1,1,14,1,2,0,5151,2340427,43,124,16,1,1
2020-03-16,Infinity,Thunder Logic,Dust2,16,14,1,2,10,5,6,9,5151,2340319,137,160,16,14,1
2020-03-16,District 7,Rugratz,Mirage,9,16,2,1,4,11,5,5,5151,2340318,93,85,9,16,2
2020-03-16,Under 21,TeamOne,Nuke,12,16,2,1,7,8,5,8,5151,2340322,80,126,12,16,2
2020-03-16,Chaos,Monstars,Inferno,16,12,1,1,9,6,7,6,5151,2339553,43,119,16,12,1
2020-03-16,Thunder Logic,New England Whalers,Nuke,16,13,1,1,6,9,10,4,5151,2340323,160,178,16,13,1
2020-03-16,Singularity,Espada,Nuke,16,11,1,2,9,3,7,8,5247,2340328,65,56,1,2,2
2020-03-16,Vitality,GODSENT,Vertigo,16,14,1,1,6,9,10,5,5226,2340063,10,17,2,0,1
2020-03-16,Vitality,GODSENT,Nuke,16,8,1,2,6,3,10,5,5226,2340063,10,17,2,0,1
2020-03-16,Astralis,NiP,Overpass,8,16,2,2,4,5,4,11,5226,2340065,2,12,0,2,2
2020-03-16,Thunder Logic,Under 21,Nuke,11,16,2,1,6,9,5,7,5151,2340428,160,80,11,16,2
2020-03-16,Astralis,NiP,Vertigo,6,16,2,1,3,12,3,4,5226,2340065,2,12,0,2,2
2020-03-16,Singularity,Espada,Mirage,11,16,2,1,5,10,6,6,5247,2340328,65,56,1,2,2
2020-03-16,Singularity,Espada,Dust2,9,16,2,2,6,4,3,12,5247,2340328,65,56,1,2,2
2020-03-16,ENCE,Spirit,Inferno,2,16,2,1,2,13,0,3,5226,2340391,21,27,0,2,2
2020-03-16,ENCE,Spirit,Train,14,16,2,2,7,8,7,8,5226,2340391,21,27,0,2,2
2020-03-15,Big Frames,Chaos,Overpass,13,16,2,2,10,4,3,12,5151,2340024,92,43,13,16,2
2020-03-15,Swole Identity,Mythic,Dust2,9,16,2,1,3,12,6,4,5151,2339757,79,58,9,16,2
2020-03-15,I sleep,Airborne,Nuke,10,16,2,2,3,8,7,8,5248,2340430,173,188,0,2,2
2020-03-15,I sleep,Airborne,Overpass,9,16,2,1,7,8,2,8,5248,2340430,173,188,0,2,2
2020-03-15,Thunder Logic,Swole Identity,Overpass,19,16,1,1,4,11,11,4,5151,2340243,160,79,19,16,1
2020-03-15,Chaos,Oceanus,Dust2,16,8,1,1,9,6,7,2,5151,2340425,43,121,16,8,1
2020-03-15,TeamOne,Big Frames,Nuke,16,5,1,1,13,2,3,3,5151,2340313,126,92,16,5,1
2020-03-15,Thunder Logic,In The Lab,Mirage,16,14,1,2,10,5,6,9,5151,2340388,160,124,16,14,1
2020-03-15,I sleep,Incept,Vertigo,16,8,1,1,8,7,8,1,5248,2340436,173,176,2,0,1
2020-03-15,FunPlus Phoenix,Cloud9,Train,20,22,2,1,5,10,10,5,5242,2340337,14,28,1,2,2
2020-03-15,Endpoint,Tricked,Mirage,6,16,2,1,4,11,2,5,5247,2340329,40,86,1,2,2
2020-03-15,Endpoint,Tricked,Train,14,16,2,1,6,9,8,7,5247,2340329,40,86,1,2,2
2020-03-15,Endpoint,Tricked,Dust2,16,13,1,2,10,4,6,9,5247,2340329,40,86,1,2,2
2020-03-15,Orgless,Dignitas,Inferno,12,16,2,1,6,9,6,7,5242,2340338,36,42,1,2,2
2020-03-15,Orgless,Dignitas,Nuke,10,16,2,1,5,10,5,6,5242,2340338,36,42,1,2,2
2020-03-15,Orgless,Dignitas,Train,16,8,1,2,8,1,8,7,5242,2340338,36,42,1,2,2
2020-03-15,FunPlus Phoenix,Cloud9,Inferno,3,16,2,2,0,4,3,12,5242,2340337,14,28,1,2,2
2020-03-15,I sleep,Incept,Dust2,16,6,1,1,11,4,5,2,5248,2340436,173,176,2,0,1
2020-03-15,FunPlus Phoenix,Cloud9,Nuke,16,10,1,2,5,6,11,4,5242,2340337,14,28,1,2,2
2020-03-14,Bad News Bears,Under 21,Dust2,18,22,2,1,4,11,11,4,5151,2340312,33,80,18,22,2
2020-03-14,ORDER,Paradox,Inferno,16,19,2,1,12,3,3,12,5236,2340282,55,112,2,1,1
2020-03-14,ORDER,Paradox,Vertigo,16,6,1,1,10,5,6,1,5236,2340282,55,112,2,1,1
2020-03-14,ORDER,Paradox,Mirage,16,4,1,2,4,1,12,3,5236,2340282,55,112,2,1,1
2020-03-14,EGOBOYZ,Infamous,Inferno,16,9,1,2,5,5,11,4,5244,2340429,226,267,1,2,2
2020-03-14,Triumph,Chaos,Nuke,16,8,1,1,9,6,7,2,5151,2340045,50,43,16,8,1
2020-03-14,Bad News Bears,Triumph,Inferno,16,10,1,2,5,6,11,4,5151,2340311,33,50,16,10,1
2020-03-14,Chaos,TeamOne,Inferno,16,3,1,2,3,1,13,2,5151,2340022,43,126,16,3,1
2020-03-14,TeamOne,Rugratz,Overpass,11,16,2,2,5,7,6,9,5151,2340309,126,85,11,16,2
2020-03-14,EGOBOYZ,Infamous,Overpass,8,16,2,2,2,7,6,9,5244,2340429,226,267,1,2,2
2020-03-14,Imperial,Reapers,Mirage,16,11,1,2,6,6,10,5,5245,2340431,130,241,2,0,1
2020-03-14,EGOBOYZ,Infamous,Mirage,18,22,2,2,7,8,8,7,5244,2340429,226,267,1,2,2
2020-03-14,Imperial,Reapers,Train,16,10,1,1,10,5,6,5,5245,2340431,130,241,2,0,1
2020-03-14,Supremacy,Infamous,Mirage,16,12,1,2,8,5,8,7,5244,2340433,212,267,2,0,1
2020-03-14,Chaos,MIBR,Train,16,6,1,1,9,6,7,0,5242,2340340,43,25,2,0,1
2020-03-14,Mythic,Station7,Dust2,14,16,2,2,3,12,11,4,5151,2340434,58,133,14,16,2
2020-03-14,Chaos,MIBR,Nuke,16,14,1,2,8,7,8,7,5242,2340340,43,25,2,0,1
2020-03-14,Gen.G,Envy,Train,19,17,1,1,5,10,10,5,5242,2340339,15,51,2,1,1
2020-03-14,Gen.G,Envy,Inferno,13,16,2,2,3,11,10,5,5242,2340339,15,51,2,1,1
2020-03-14,Gen.G,Envy,Mirage,16,9,1,1,9,6,7,3,5242,2340339,15,51,2,1,1
2020-03-14,Supremacy,Infamous,Dust2,16,1,1,1,14,1,2,0,5244,2340433,212,267,2,0,1
2020-03-13,Bad News Bears,Oceanus,Mirage,16,4,1,1,11,4,5,0,5151,2340304,33,121,16,4,1
2020-03-13,District 7,Divine,Mirage,22,20,1,1,7,8,8,7,5151,2340303,93,109,22,20,1
2020-03-13,Swole Patrol,Under 21,Nuke,16,8,1,2,4,5,12,3,5151,2340301,81,80,16,8,1
2020-03-13,Swole Identity,Big Frames,Inferno,25,22,1,2,6,9,9,6,5151,2340041,79,92,25,22,1
2020-03-13,TeamOne,Mythic,Overpass,4,16,2,2,1,4,3,12,5151,2340295,126,58,4,16,2
2020-03-13,Thunder Logic,Rugratz,Mirage,11,16,2,2,3,9,8,7,5151,2340385,160,85,11,16,2
2020-03-13,Triumph,In The Lab,Inferno,16,7,1,2,6,2,10,5,5151,2340302,50,124,16,7,1
2020-03-13,Swole Identity,Bad News Bears,Dust2,9,16,2,2,6,4,3,12,5151,2340297,79,33,9,16,2
2020-03-13,Under 21,Mythic,Mirage,22,19,1,1,10,5,5,10,5151,2340299,80,58,22,19,1
2020-03-13,Divine,Station7,Mirage,13,16,2,2,4,10,9,6,5151,2340296,109,133,13,16,2
2020-03-13,Chaos,New England Whalers,Nuke,16,10,1,1,9,6,7,4,5151,2339764,43,178,16,10,1
2020-03-13,District 7,Swole Patrol,Nuke,12,16,2,1,9,6,3,10,5151,2340298,93,81,12,16,2
2020-03-13,Divine,Big Frames,Overpass,16,11,1,2,5,7,11,4,5151,2340307,109,92,16,11,1
2020-03-13,Triumph,Monstars,Overpass,16,4,1,1,13,2,3,2,5151,2340300,50,119,16,4,1
2020-03-13,Chaos,Thunder Logic,Nuke,16,12,1,1,9,6,7,6,5151,2340306,43,160,16,12,1
2020-03-13,Reapers,Neverest,Vertigo,17,19,2,2,4,11,11,4,5245,2340389,241,206,2,1,1
2020-03-13,New England Whalers,TeamOne,Nuke,16,12,1,2,4,9,12,3,5151,2340043,178,126,16,12,1
2020-03-13,MAD Lions,HAVU,Train,10,16,2,1,6,9,4,7,5242,2340335,12,30,1,2,2
2020-03-13,District 7,Mythic,Mirage,16,11,1,2,6,6,10,5,5151,2340305,93,58,16,11,1
2020-03-13,Reapers,Neverest,Mirage,16,10,1,2,8,3,8,7,5245,2340389,241,206,2,1,1
2020-03-13,Reapers,Neverest,Inferno,16,10,1,1,10,5,6,5,5245,2340389,241,206,2,1,1
2020-03-13,Copenhagen Flames,c0ntact,Nuke,16,19,2,2,9,6,6,9,5242,2340336,31,26,0,2,2
2020-03-13,MAD Lions,HAVU,Nuke,13,16,2,1,11,4,2,12,5242,2340335,12,30,1,2,2
2020-03-13,MAD Lions,HAVU,Mirage,16,12,1,2,7,6,9,6,5242,2340335,12,30,1,2,2
2020-03-13,Copenhagen Flames,c0ntact,Mirage,5,16,2,1,4,11,1,5,5242,2340336,31,26,0,2,2
2020-03-13,pro100,Sprout,Train,16,12,1,1,10,5,6,7,5150,2339721,35,38,16,12,1
2020-03-13,Spirit,Demolition Crew,Nuke,16,9,1,2,10,0,6,9,5150,2340333,27,99,16,9,1
2020-03-13,Singularity,Unicorns of Love,Nuke,16,7,1,2,7,1,9,6,5150,2340332,65,106,16,7,1
2020-03-13,Spirit,pro100,Mirage,16,8,1,1,10,5,6,3,5150,2340330,27,35,16,8,1
2020-03-13,TeamOne,In The Lab,Dust2,16,5,1,1,12,3,4,2,5151,2340308,126,124,16,5,1
2020-03-13,Oceanus,Swole Patrol,Nuke,10,16,2,2,3,8,7,8,5151,2340386,121,81,10,16,2
2020-03-12,Station7,Big Frames,Overpass,3,16,2,2,2,2,1,14,5151,2340033,133,92,3,16,2
2020-03-12,Bad News Bears,New England Whalers,Inferno,13,16,2,1,8,7,5,9,5151,2340032,33,178,13,16,2
2020-03-12,District 7,Chaos,Mirage,13,16,2,2,3,11,10,5,5151,2340034,93,43,13,16,2
2020-03-12,Triumph,Under 21,Inferno,11,16,2,2,3,9,8,7,5151,2340035,50,80,11,16,2
2020-03-12,Soberano,Bravos,Nuke,16,9,1,1,11,4,5,5,5182,2339239,244,193,2,0,1
2020-03-12,Soberano,Bravos,Dust2,22,20,1,1,7,8,8,7,5182,2339239,244,193,2,0,1
2020-03-12,Mythic,Recon 5,Vertigo,14,16,2,2,3,12,11,4,5151,2340273,58,74,14,16,2
2020-03-12,Oceanus,TeamOne,Dust2,9,16,2,2,4,6,5,10,5151,2340248,121,126,9,16,2
2020-03-12,Chaos,Infinity,Dust2,16,8,1,2,4,5,12,3,5151,2340029,43,137,16,8,1
2020-03-12,Chaos,Swole Identity,Dust2,14,16,2,1,8,7,6,9,5151,2340271,43,79,14,16,2
2020-03-12,Rugratz,Divine,Mirage,16,14,1,2,8,7,8,7,5151,2340272,85,109,16,14,1
2020-03-12,Bad News Bears,TeamOne,Nuke,12,16,2,1,10,5,2,11,5151,2340031,33,126,12,16,2
2020-03-12,In The Lab,Infinity,Mirage,13,16,2,2,9,5,4,11,5151,2340269,124,137,13,16,2
2020-03-12,Triumph,Swole Patrol,Vertigo,5,16,2,2,1,5,4,11,5151,2340270,50,81,5,16,2
2020-03-12,Swole Identity,Divine,Overpass,12,16,2,1,6,9,6,7,5151,2340030,79,109,12,16,2
2020-03-12,Under 21,Recon 5,Nuke,16,8,1,1,9,6,7,2,5151,2340037,80,74,16,8,1
2020-03-12,Swole Patrol,In The Lab,Overpass,16,3,1,1,12,3,4,0,5151,2340268,81,124,16,3,1
2020-03-12,Rugratz,Oceanus,Mirage,16,4,1,1,11,4,5,0,5151,2340247,85,121,16,4,1
2020-03-12,Divine,TeamOne,Dust2,14,16,2,1,8,7,6,9,5151,2340274,109,126,14,16,2
2020-03-12,In The Lab,Big Frames,Mirage,16,10,1,2,7,4,9,6,5151,2340275,124,92,16,10,1
2020-03-12,District 7,Thunder Logic,Mirage,16,14,1,1,6,9,10,5,5151,2340276,93,160,16,14,1
2020-03-12,Rooster,Paradox,Mirage,16,9,1,2,8,2,8,7,5228,2340203,94,112,2,1,1
2020-03-12,Illuminar,Spirit,Train,10,16,2,1,3,12,7,4,5150,2340294,49,27,10,16,2
2020-03-12,New England Whalers,Station7,Inferno,16,11,1,2,7,5,9,6,5151,2340036,178,133,16,11,1
2020-03-12,Japaleno,BIG,Inferno,11,16,2,1,9,6,2,10,5150,2340293,66,20,11,16,2
2020-03-12,PACT,pro100,Inferno,11,16,2,1,6,9,5,7,5150,2339641,67,35,11,16,2
2020-03-12,Spirit,Nemiga,Inferno,8,16,2,2,1,8,7,8,5150,2340292,27,57,8,16,2
2020-03-12,Sprout,Nordavind,Dust2,14,16,2,2,3,12,11,4,5150,2340291,38,53,14,16,2
2020-03-12,Unicorns of Love,HellRaisers,Dust2,6,16,2,2,1,6,5,10,5150,2340290,106,61,6,16,2
2020-03-12,Spirit,Nordavind,Inferno,16,5,1,1,10,5,6,0,5150,2340327,27,53,16,5,1
2020-03-12,HellRaisers,Wisla Krakow,Dust2,16,12,1,1,8,7,8,5,5150,2340288,61,189,16,12,1
2020-03-12,HellRaisers,Singularity,Dust2,16,12,1,1,7,8,9,4,5150,2339891,61,65,16,12,1
2020-03-12,Rooster,Paradox,Train,11,16,2,1,2,13,9,3,5228,2340203,94,112,2,1,1
2020-03-12,VERTEX,I sleep,Inferno,16,6,1,2,7,0,9,6,5228,2340202,172,173,2,0,1
2020-03-12,Rooster,Paradox,Inferno,16,13,1,1,8,7,8,6,5228,2340203,94,112,2,1,1
2020-03-12,Incept,Paradox,Dust2,7,16,2,2,3,5,4,11,5152,2340251,176,112,7,16,2
2020-03-12,VERTEX,I sleep,Dust2,16,2,1,1,13,2,3,0,5228,2340202,172,173,2,0,1
2020-03-12,Rooster,TRIDENT,Mirage,16,9,1,2,5,5,11,4,5152,2340324,94,134,16,9,1
2020-03-12,Chiefs,Skyfire,Inferno,22,20,1,1,9,6,6,9,5152,2340191,64,125,22,20,1
2020-03-12,ORDER,Ground Zero,Inferno,16,14,1,2,10,5,6,9,5152,2339951,55,91,16,14,1
2020-03-12,Ground Zero,Skyfire,Mirage,12,16,2,2,3,10,9,6,5152,2340277,91,125,12,16,2
2020-03-11,Bad News Bears,Monstars,Inferno,13,16,2,2,3,11,10,5,5151,2340242,33,119,13,16,2
2020-03-11,Chiefs,Paradox,Dust2,13,16,2,1,8,7,5,9,5236,2340254,64,112,1,2,2
2020-03-11,I sleep,Esper,Inferno,16,7,1,1,11,4,5,3,5152,2340252,173,247,16,7,1
2020-03-11,PC419,Formidable,Nuke,16,8,1,1,10,5,6,3,5152,2340250,205,203,16,8,1
2020-03-11,TeamOne,Recon 5,Nuke,16,11,1,2,9,3,7,8,5151,2340245,126,74,16,11,1
2020-03-11,LiViD,TeamOne,Nuke,12,16,2,1,7,8,5,8,5151,2340028,93,126,12,16,2
2020-03-11,Under 21,New England Whalers,Nuke,12,16,2,1,6,9,6,7,5151,2340027,80,178,12,16,2
2020-03-11,Big Frames,Recon 5,Nuke,6,16,2,2,1,6,5,10,5151,2340244,92,74,6,16,2
2020-03-11,Triumph,Thunder Logic,Overpass,16,7,1,1,9,6,7,1,5151,2340240,50,160,16,7,1
2020-03-11,TeamOne,Triumph,Dust2,19,17,1,2,10,5,5,10,5151,2340026,126,50,19,17,1
2020-03-11,Big Frames,Rugratz,Nuke,14,16,2,1,11,4,3,12,5151,2340263,92,85,14,16,2
2020-03-11,Under 21,Infinity,Mirage,16,7,1,1,11,4,5,3,5151,2340025,80,137,16,7,1
2020-03-11,New England Whalers,Monstars,Overpass,11,16,2,1,8,7,3,9,5151,2340023,178,119,11,16,2
2020-03-11,Station7,ex-eUnited,Overpass,4,16,2,2,0,5,4,11,5151,2340241,133,81,4,16,2
2020-03-11,In The Lab,Divine,Inferno,16,7,1,1,9,6,7,1,5151,2340246,124,109,16,7,1
2020-03-11,Station7,Rugratz,Overpass,7,16,2,1,6,9,1,7,5151,2340239,133,85,7,16,2
2020-03-11,Chiefs,Paradox,Mirage,20,22,2,1,5,10,10,5,5236,2340254,64,112,1,2,2
2020-03-11,Chiefs,Paradox,Inferno,16,14,1,2,10,5,6,9,5236,2340254,64,112,1,2,2
2020-03-11,LiViD,Recon 5,Train,9,16,2,1,6,9,3,7,5151,2339767,93,74,9,16,2
2020-03-11,FURY,TRIDENT,Vertigo,20,22,2,2,4,11,11,4,5152,2340253,185,134,20,22,2
2020-03-11,Keyd,Isurus,Inferno,7,16,2,1,6,9,1,7,5182,2339238,198,88,1,1,2
2020-03-11,Keyd,Isurus,Nuke,16,12,1,2,10,3,6,9,5182,2339238,198,88,1,1,2
2020-03-11,Illuminar,Nemiga,Nuke,13,16,2,1,6,9,7,7,5150,2339754,49,57,13,16,2
2020-03-11,AGO,Nemiga,Vertigo,16,10,1,1,8,7,8,3,5150,2340262,52,57,16,10,1
2020-03-11,Japaleno,Nordavind,Dust2,16,6,1,2,6,1,10,5,5150,2339862,66,53,16,6,1
2020-03-11,pro100,HellRaisers,Vertigo,16,13,1,1,9,6,7,7,5150,2340261,35,61,16,13,1
2020-03-11,Demolition Crew,BIG,Mirage,7,16,2,1,6,9,1,7,5150,2340260,99,20,7,16,2
2020-03-11,Wisla Krakow,Japaleno,Dust2,17,19,2,2,8,7,7,8,5150,2340259,189,66,17,19,2
2020-03-11,Spirit,Unicorns of Love,Inferno,16,6,1,2,7,0,9,6,5150,2340258,27,106,16,6,1
2020-03-11,ORDER,AVANT,Dust2,9,16,2,2,4,6,5,10,5236,2340204,55,70,1,2,2
2020-03-11,Sprout,Movistar Riders,Nuke,16,12,1,1,5,10,11,2,5150,2340212,38,37,16,12,1
2020-03-11,Sprout,PACT,Train,16,11,1,1,12,3,4,8,5150,2339675,38,67,16,11,1
2020-03-11,Illuminar,BIG,Mirage,7,16,2,2,4,4,3,12,5150,2340257,49,20,7,16,2
2020-03-11,ORDER,AVANT,Inferno,13,16,2,1,7,8,6,8,5236,2340204,55,70,1,2,2
2020-03-11,Nordavind,PACT,Overpass,16,2,1,1,13,2,3,0,5150,2339997,53,67,16,2,1
2020-03-11,ORDER,AVANT,Train,16,14,1,2,10,5,6,9,5236,2340204,55,70,1,2,2
2020-03-11,GamerLegion,pro100,Mirage,16,14,1,2,9,6,7,8,5150,2340256,39,35,16,14,1
2020-03-11,Spirit,HellRaisers,Vertigo,10,16,2,1,9,6,1,10,5150,2340255,27,61,10,16,2
2020-03-11,Nemiga,Nordavind,Nuke,16,6,1,1,14,1,2,5,5150,2339755,57,53,16,6,1
2020-03-10,Divine,Monstars,Inferno,23,25,2,2,10,5,5,10,5151,2340235,109,119,23,25,2
2020-03-10,Big Frames,Bad News Bears,Nuke,6,16,2,1,5,10,1,6,5151,2340233,92,33,6,16,2
2020-03-10,Station7,Recon 5,Inferno,13,16,2,1,5,10,8,6,5151,2340019,133,74,13,16,2
2020-03-10,TeamOne,Infinity,Train,16,14,1,1,9,6,7,8,5151,2340016,126,137,16,14,1
2020-03-10,Thunder Logic,Bad News Bears,Inferno,6,16,2,2,1,6,5,10,5151,2340236,160,33,6,16,2
2020-03-10,ex-eUnited,Chaos,Nuke,13,16,2,2,5,9,8,7,5151,2340237,81,43,13,16,2
2020-03-10,Station7,In The Lab,Mirage,16,11,1,2,10,2,6,9,5151,2340018,133,124,16,11,1
2020-03-10,Infinity,Divine,Mirage,14,16,2,2,9,6,5,10,5151,2340017,137,109,14,16,2
2020-03-10,TeamOne,Swole Identity,Overpass,16,11,1,2,9,3,7,8,5151,2340231,126,79,16,11,1
2020-03-10,Rugratz,Monstars,Mirage,16,4,1,1,12,3,4,1,5151,2340234,85,119,16,4,1
2020-03-10,Under 21,Oceanus,Nuke,16,2,1,2,2,1,14,1,5151,2340232,80,121,16,2,1
2020-03-10,DETONA,RED Canids,Train,9,16,2,1,8,7,1,9,5182,2339148,76,83,0,2,2
2020-03-10,DETONA,RED Canids,Nuke,14,16,2,2,7,8,7,8,5182,2339148,76,83,0,2,2
2020-03-10,Oceanus,New England Whalers,Nuke,16,13,1,1,9,6,7,7,5151,2340015,121,178,16,13,1
2020-03-10,ex-eUnited,Thunder Logic,Nuke,16,3,1,1,12,3,4,0,5151,2340230,81,160,16,3,1
2020-03-10,Under 21,Rugratz,Dust2,16,1,1,2,2,0,14,1,5151,2340226,80,85,16,1,1
2020-03-10,ex-eUnited,TeamOne,Train,16,8,1,2,7,2,9,6,5151,2340238,81,126,16,8,1
2020-03-10,Yeah,Envy,Overpass,12,16,2,1,7,8,5,8,5178,2340201,62,51,0,2,2
2020-03-10,In The Lab,New England Whalers,Inferno,12,16,2,2,5,8,7,8,5151,2340020,124,178,12,16,2
2020-03-10,In The Lab,Recon 5,Train,7,16,2,1,7,8,0,8,5151,2340228,124,74,7,16,2
2020-03-10,Yeah,Envy,Inferno,11,16,2,2,8,4,3,12,5178,2340201,62,51,0,2,2
2020-03-10,PACT,BIG,Dust2,7,16,2,1,2,13,5,3,5150,2339723,67,20,7,16,2
2020-03-10,AVANT,Paradox,Train,16,9,1,1,11,4,5,5,5152,2339886,70,112,16,9,1
2020-03-10,AGO,Nordavind,Mirage,7,16,2,2,1,7,6,9,5150,2340218,52,53,7,16,2
2020-03-10,Demolition Crew,Illuminar,Nuke,16,6,1,1,11,4,5,2,5150,2340217,99,49,16,6,1
2020-03-10,GamerLegion,Japaleno,Overpass,16,14,1,2,9,6,7,8,5150,2340216,39,66,16,14,1
2020-03-10,Spirit,Movistar Riders,Nuke,16,13,1,1,10,5,6,8,5150,2340215,27,37,16,13,1
2020-03-10,Demolition Crew,HellRaisers,Mirage,12,16,2,2,4,9,8,7,5150,2339323,99,61,12,16,2
2020-03-10,AGO,pro100,Train,19,15,1,1,8,7,7,8,5150,2340220,52,35,19,15,1
2020-03-10,Spirit,PACT,Inferno,16,3,1,1,12,3,4,0,5150,2340213,27,67,16,3,1
2020-03-10,Nemiga,HellRaisers,Inferno,13,16,2,2,5,9,8,7,5150,2340211,57,61,13,16,2
2020-03-10,BIG,Sprout,Mirage,14,16,2,2,7,8,7,8,5150,2340214,20,38,14,16,2
2020-03-10,Paradox,Ground Zero,Inferno,15,19,2,2,6,9,9,6,5236,2340193,112,91,2,1,1
2020-03-10,Rooster,Chiefs,Inferno,8,16,2,2,4,5,4,11,5236,2340192,94,64,0,2,2
2020-03-10,Skyfire,AVANT,Mirage,8,16,2,2,4,5,4,11,5152,2340208,125,70,8,16,2
2020-03-10,Paradox,Ground Zero,Mirage,16,9,1,1,8,7,8,2,5236,2340193,112,91,2,1,1
2020-03-10,Formidable,Incept,Dust2,9,16,2,2,3,7,6,9,5152,2340210,203,176,9,16,2
2020-03-10,Rooster,Chiefs,Mirage,38,40,2,1,8,7,7,8,5236,2340192,94,64,0,2,2
2020-03-10,PC419,Airborne,Nuke,7,16,2,2,1,7,6,9,5152,2340209,205,188,7,16,2
2020-03-10,PC419,Chiefs,Inferno,5,16,2,1,4,11,1,5,5152,2340206,205,64,5,16,2
2020-03-10,Paradox,Ground Zero,Overpass,19,15,1,2,11,4,4,11,5236,2340193,112,91,2,1,1
2020-03-09,TeamOne,Monstars,Mirage,6,16,2,2,1,6,5,10,5151,2340012,135,100,6,16,2
2020-03-09,ORDER,Ground Zero,Vertigo,16,3,1,2,3,1,13,2,5236,2339978,70,110,2,0,1
2020-03-09,Recon 5,Monstars,Inferno,16,9,1,1,6,9,10,0,5151,2340198,95,100,16,9,1
2020-03-09,New England Whalers,Infinity,Inferno,7,16,2,1,3,12,4,4,5151,2340011,200,125,7,16,2
2020-03-09,Infinity,Station7,Inferno,13,16,2,2,3,11,10,5,5151,2340013,125,148,13,16,2
2020-03-09,Thunder Logic,Recon 5,Nuke,12,16,2,2,7,6,5,10,5151,2340199,153,95,12,16,2
2020-03-09,New England Whalers,Big Frames,Nuke,19,17,1,2,7,8,8,7,5151,2340014,200,91,19,17,1
2020-03-09,Ze Pug Godz,Yeah,Mirage,13,16,2,2,3,11,10,5,5178,2340186,88,77,1,2,2
2020-03-09,Ze Pug Godz,Yeah,Nuke,10,16,2,1,9,6,1,10,5178,2340186,88,77,1,2,2
2020-03-09,Ze Pug Godz,Yeah,Inferno,16,10,1,2,8,3,8,7,5178,2340186,88,77,1,2,2
2020-03-09,Envy,Chaos,Dust2,19,16,1,2,11,4,4,11,5178,2340187,49,53,2,1,1
2020-03-09,Envy,Chaos,Mirage,18,22,2,2,5,10,10,5,5178,2340187,49,53,2,1,1
2020-03-09,Rooster,I sleep,Inferno,16,13,1,1,11,4,5,9,5152,2339832,119,150,16,13,1
2020-03-09,Envy,Chaos,Overpass,16,10,1,2,4,7,12,3,5178,2340187,49,53,2,1,1
2020-03-09,ORDER,Ground Zero,Mirage,16,10,1,1,10,5,6,5,5236,2339978,70,110,2,0,1
2020-03-09,Illuminar,Nordavind,Mirage,11,16,2,1,6,9,5,7,5150,2340221,46,50,11,16,2
2020-03-09,Paradox,FURY,Inferno,16,8,1,2,7,2,9,6,5152,2339976,109,181,16,8,1
2020-03-09,Triumph,Orgless,Dust2,16,12,1,1,5,10,11,2,5178,2340200,50,36,2,1,1
2020-03-09,Triumph,Orgless,Inferno,16,14,1,2,9,6,7,8,5178,2340200,50,36,2,1,1
2020-03-09,W7M,Alma,Dust2,16,7,1,2,5,3,11,4,5182,2339147,102,163,2,0,1
2020-03-09,W7M,Alma,Mirage,16,14,1,2,9,6,7,8,5182,2339147,102,163,2,0,1
2020-03-09,AGO,BIG,Dust2,16,6,1,1,10,5,6,1,5150,2340197,42,21,16,6,1
2020-03-09,Triumph,Orgless,Nuke,11,16,2,2,2,10,9,6,5178,2340200,50,36,2,1,1
2020-03-09,BIG,Unicorns of Love,Nuke,16,9,1,1,9,6,7,3,5150,2340196,21,141,16,9,1
2020-03-09,Chiefs,AVANT,Nuke,16,13,1,2,11,3,5,10,5236,2339979,82,81,1,2,2
2020-03-09,Chiefs,AVANT,Train,12,16,2,2,2,11,10,5,5236,2339979,82,81,1,2,2
2020-03-09,AGO,Illuminar,Train,6,16,2,1,6,9,0,7,5150,2339321,42,46,6,16,2
2020-03-09,Chiefs,AVANT,Dust2,12,16,2,2,4,9,8,7,5236,2339979,82,81,1,2,2
2020-03-09,BIG,GamerLegion,Mirage,11,16,2,2,7,5,4,11,5150,2340194,21,39,11,16,2
2020-03-08,Chiefs,Ground Zero,Inferno,16,9,1,2,6,4,10,5,5198,2340188,82,110,2,1,1
2020-03-08,Copenhagen Flames,Sprout,Mirage,4,16,2,1,3,12,1,4,5135,2340180,35,32,2,1,1
2020-03-08,Copenhagen Flames,Sprout,Nuke,16,12,1,2,7,6,9,6,5135,2340180,35,32,2,1,1
2020-03-08,Copenhagen Flames,Sprout,Train,16,11,1,1,8,7,8,4,5135,2340180,35,32,2,1,1
2020-03-08,SMASH,Movistar Riders,Nuke,7,16,2,1,5,10,2,6,5135,2340162,86,41,1,2,2
2020-03-08,SMASH,Movistar Riders,Train,16,14,1,2,6,9,10,5,5135,2340162,86,41,1,2,2
2020-03-08,EHOME,JiJieHao,Mirage,25,22,1,1,9,6,6,9,5196,2340190,115,178,2,1,1
2020-03-08,EHOME,JiJieHao,Nuke,14,16,2,2,9,6,5,10,5196,2340190,115,178,2,1,1
2020-03-08,EHOME,JiJieHao,Train,16,10,1,2,7,4,9,6,5196,2340190,115,178,2,1,1
2020-03-08,ORDER,Chiefs,Nuke,16,1,1,1,14,1,2,0,5198,2340170,70,82,2,0,1
2020-03-08,ORDER,Chiefs,Train,16,13,1,2,11,3,5,10,5198,2340170,70,82,2,0,1
2020-03-08,Chiefs,Ground Zero,Mirage,16,7,1,1,10,5,6,2,5198,2340188,82,110,2,1,1
2020-03-08,Chiefs,Ground Zero,Nuke,12,16,2,2,7,6,5,10,5198,2340188,82,110,2,1,1
2020-03-08,SMASH,Movistar Riders,Inferno,12,16,2,2,8,5,4,11,5135,2340162,86,41,1,2,2
2020-03-08,AVANT,Chiefs,Dust2,11,16,2,1,4,11,7,5,5198,2340148,81,82,0,2,2
2020-03-08,Rooster,Ground Zero,Mirage,9,16,2,2,3,7,6,9,5198,2340149,119,110,1,2,2
2020-03-08,Rooster,Ground Zero,Inferno,16,6,1,1,10,5,6,1,5198,2340149,119,110,1,2,2
2020-03-08,Rooster,Ground Zero,Vertigo,12,16,2,2,3,10,9,6,5198,2340149,119,110,1,2,2
2020-03-08,Gen.G,Orgless,Mirage,16,7,1,1,11,4,5,3,5178,2340176,17,47,2,0,1
2020-03-08,Gen.G,Orgless,Inferno,16,7,1,2,7,1,9,6,5178,2340176,17,47,2,0,1
2020-03-08,AVANT,Chiefs,Nuke,12,16,2,1,5,10,7,6,5198,2340148,81,82,0,2,2
2020-03-08,Cloud9,Mythic,Vertigo,16,14,1,1,8,7,8,7,5178,2340177,23,60,2,0,1
2020-03-08,Cloud9,Mythic,Inferno,16,10,1,2,6,5,10,5,5178,2340177,23,60,2,0,1
2020-03-08,Bad News Bears,Ze Pug Godz,Inferno,16,13,1,2,7,7,9,6,5178,2340173,37,88,2,0,1
2020-03-08,Bad News Bears,Ze Pug Godz,Dust2,16,9,1,2,5,5,11,4,5178,2340173,37,88,2,0,1
2020-03-08,KOVA,OG,Dust2,4,16,2,2,0,5,4,11,5135,2340163,65,16,0,2,2
2020-03-08,FURIA,Envy,Mirage,16,11,1,1,10,5,6,6,5178,2340172,13,49,2,0,1
2020-03-08,FURIA,Envy,Nuke,16,7,1,2,4,4,12,3,5178,2340172,13,49,2,0,1
2020-03-08,KOVA,OG,Inferno,14,16,2,1,9,6,5,10,5135,2340163,65,16,0,2,2
2020-03-08,BIG,Movistar Riders,Inferno,4,16,2,2,1,4,3,12,5135,2340181,21,41,1,2,2
2020-03-08,TYLOO,EHOME,Dust2,16,12,1,1,5,10,11,2,5196,2340165,29,115,2,0,1
2020-03-08,BIG,Movistar Riders,Mirage,16,11,1,2,6,6,10,5,5135,2340181,21,41,1,2,2
2020-03-08,TYLOO,EHOME,Mirage,16,7,1,1,11,4,5,3,5196,2340165,29,115,2,0,1
2020-03-08,Mythic,Triumph,Mirage,16,14,1,2,11,4,5,10,5178,2340185,60,103,1,2,2
2020-03-08,Mythic,Triumph,Overpass,14,16,2,1,5,10,9,6,5178,2340185,60,103,1,2,2
2020-03-08,Orgless,ex-eUnited,Nuke,3,16,2,2,0,4,3,12,5178,2340189,47,73,2,1,1
2020-03-08,Orgless,ex-eUnited,Overpass,16,11,1,1,6,9,10,2,5178,2340189,47,73,2,1,1
2020-03-08,Orgless,ex-eUnited,Inferno,16,12,1,2,7,6,9,6,5178,2340189,47,73,2,1,1
2020-03-08,GODSENT,OG,Train,16,3,1,1,12,3,4,0,5135,2340183,18,16,2,1,1
2020-03-08,GODSENT,OG,Dust2,20,22,2,2,9,6,6,9,5135,2340183,18,16,2,1,1
2020-03-08,GODSENT,OG,Nuke,16,14,1,2,7,8,9,6,5135,2340183,18,16,2,1,1
2020-03-08,Dignitas,Nordavind,Dust2,12,16,2,2,6,7,6,9,5135,2340184,44,50,2,1,1
2020-03-08,Dignitas,Nordavind,Nuke,16,13,1,2,5,9,11,4,5135,2340184,44,50,2,1,1
2020-03-08,Dignitas,Nordavind,Inferno,16,8,1,1,9,6,7,2,5135,2340184,44,50,2,1,1
2020-03-08,BIG,Movistar Riders,Overpass,20,22,2,2,7,8,8,7,5135,2340181,21,41,1,2,2
2020-03-08,Mythic,Triumph,Inferno,12,16,2,1,7,8,5,8,5178,2340185,60,103,1,2,2
2020-03-08,LiViD,Chaos,Overpass,8,16,2,2,4,5,4,11,5178,2340179,93,53,0,2,2
2020-03-08,Triumph,Swole Identity,Vertigo,16,5,1,1,10,5,6,0,5178,2340174,103,71,2,0,1
2020-03-08,LiViD,Chaos,Nuke,11,16,2,1,5,10,6,6,5178,2340179,93,53,0,2,2
2020-03-08,Nordavind,Apeks,Nuke,15,19,2,2,10,5,5,10,5135,2340171,50,66,2,1,1
2020-03-08,Nordavind,Apeks,Vertigo,16,8,1,2,7,2,9,6,5135,2340171,50,66,2,1,1
2020-03-08,Rugratz,ex-eUnited,Overpass,14,16,2,1,6,9,8,7,5178,2340175,102,73,0,2,2
2020-03-08,Rugratz,ex-eUnited,Vertigo,13,16,2,2,6,8,7,8,5178,2340175,102,73,0,2,2
2020-03-08,Nordavind,Apeks,Mirage,16,13,1,2,10,4,6,9,5135,2340171,50,66,2,1,1
2020-03-08,Triumph,Swole Identity,Overpass,16,13,1,2,10,4,6,9,5178,2340174,103,71,2,0,1
2020-03-08,Heroic,Copenhagen Flames,Train,13,16,2,1,8,7,5,9,5135,2340182,14,35,0,2,2
2020-03-08,Divine,Yeah,Nuke,6,16,2,1,5,10,1,6,5178,2340178,85,77,0,2,2
2020-03-08,Divine,Yeah,Inferno,2,16,2,2,1,2,1,14,5178,2340178,85,77,0,2,2
2020-03-08,Heroic,Copenhagen Flames,Inferno,14,16,2,2,7,8,7,8,5135,2340182,14,35,0,2,2
2020-03-07,Bren,Beyond,Inferno,12,16,2,1,7,8,5,8,5197,2339936,78,136,1,2,2
2020-03-07,Wubbalubbadubdub,R-Stars,Dust2,9,16,2,2,2,8,7,8,5196,2340145,191,105,0,2,2
2020-03-07,Wubbalubbadubdub,R-Stars,Mirage,7,16,2,1,6,9,1,7,5196,2340145,191,105,0,2,2
2020-03-07,Bren,Beyond,Overpass,4,16,2,1,3,12,1,4,5197,2339936,78,136,1,2,2
2020-03-07,Bren,Beyond,Nuke,16,11,1,2,6,6,10,5,5197,2339936,78,136,1,2,2
2020-03-07,Chiefs,Skyfire,Nuke,16,11,1,2,9,3,7,8,5198,2340142,82,122,2,1,1
2020-03-07,Chiefs,Skyfire,Inferno,2,16,2,1,1,14,1,2,5198,2340142,82,122,2,1,1
2020-03-07,Chiefs,Skyfire,Train,19,17,1,1,6,9,9,6,5198,2340142,82,122,2,1,1
2020-03-07,Maple,HZ,Inferno,6,16,2,1,5,10,1,6,5197,2339934,63,87,0,2,2
2020-03-07,Maple,HZ,Nuke,23,25,2,2,10,5,5,10,5197,2339934,63,87,0,2,2
2020-03-07,Blank,Bren,Inferno,11,16,2,1,5,10,6,6,5197,2340153,189,78,0,2,2
2020-03-07,ViCi,JiJieHao,Nuke,16,13,1,2,7,7,9,6,5196,2339933,40,178,2,1,1
2020-03-07,ViCi,JiJieHao,Mirage,2,16,2,2,0,3,2,13,5196,2339933,40,178,2,1,1
2020-03-07,OneThree,JiJieHao,Nuke,16,19,2,2,9,6,6,9,5196,2340146,126,178,1,2,2
2020-03-07,Blank,Bren,Dust2,2,16,2,2,0,3,2,13,5197,2340153,189,78,0,2,2
2020-03-07,Renegades,ORDER,Dust2,16,7,1,2,7,1,9,6,5198,2340147,24,70,2,1,1
2020-03-07,Renegades,ORDER,Nuke,16,9,1,2,10,0,6,9,5198,2340147,24,70,2,1,1
2020-03-07,Renegades,ORDER,Train,14,16,2,1,7,8,7,8,5198,2340147,24,70,2,1,1
2020-03-07,OneThree,JiJieHao,Train,11,16,2,2,3,9,8,7,5196,2340146,126,178,1,2,2
2020-03-07,OneThree,JiJieHao,Mirage,16,14,1,1,8,7,8,7,5196,2340146,126,178,1,2,2
2020-03-07,Maple,Paper Rex,Train,16,12,1,2,5,8,11,4,5197,2340151,63,161,2,1,1
2020-03-07,Maple,Paper Rex,Overpass,16,10,1,2,7,4,9,6,5197,2340151,63,161,2,1,1
2020-03-07,Maple,Paper Rex,Nuke,13,16,2,1,10,5,3,11,5197,2340151,63,161,2,1,1
2020-03-07,Aequus,Finest,Mirage,16,10,1,2,7,4,9,6,5195,2340134,151,180,2,0,1
2020-03-07,Aequus,Finest,Inferno,19,16,1,1,7,8,8,7,5195,2340134,151,180,2,0,1
2020-03-07,HZ,Lucid Dream,Inferno,10,16,2,2,3,8,7,8,5197,2340150,87,138,1,2,2
2020-03-07,Renegades,AVANT,Train,16,19,2,1,8,7,7,8,5198,2340139,24,81,2,1,1
2020-03-07,ViCi,JiJieHao,Train,16,4,1,2,5,0,11,4,5196,2339933,40,178,2,1,1
2020-03-07,Chiefs,Rooster,Mirage,16,14,1,1,8,7,8,7,5198,2339940,82,119,1,2,2
2020-03-07,Renegades,AVANT,Inferno,16,12,1,2,6,7,10,5,5198,2340139,24,81,2,1,1
2020-03-07,Chiefs,Rooster,Inferno,12,16,2,2,6,7,6,9,5198,2339940,82,119,1,2,2
2020-03-07,HZ,Lucid Dream,Dust2,14,16,2,2,4,11,10,5,5197,2340150,87,138,1,2,2
2020-03-07,Triumph,Infinity,Dust2,16,10,1,1,6,9,10,1,5151,2339879,103,125,16,10,1
2020-03-07,Under 21,Divine,Mirage,16,3,1,1,13,2,3,1,5151,2340010,114,85,16,3,1
2020-03-07,Renegades,catman,Inferno,16,9,1,2,3,7,13,2,5198,2339938,24,146,2,0,1
2020-03-07,Renegades,catman,Dust2,16,4,1,1,11,4,5,0,5198,2339938,24,146,2,0,1
2020-03-07,AVANT,Ground Zero,Overpass,16,9,1,2,7,3,9,6,5198,2339939,81,110,2,0,1
2020-03-07,AVANT,Ground Zero,Inferno,16,11,1,1,8,7,8,4,5198,2339939,81,110,2,0,1
2020-03-07,Station7,Triumph,Overpass,12,16,2,1,6,9,6,7,5151,2340009,148,103,12,16,2
2020-03-07,ORDER,Skyfire,Vertigo,16,7,1,2,7,1,9,6,5198,2339941,70,122,2,0,1
2020-03-07,ORDER,Skyfire,Mirage,22,20,1,1,10,5,5,10,5198,2339941,70,122,2,0,1
2020-03-07,Divine,Recon 5,Inferno,1,16,2,2,0,2,1,14,5151,2339552,85,95,1,16,2
2020-03-07,Under 21,In The Lab,Mirage,16,5,1,1,10,5,6,0,5151,2340008,114,120,16,5,1
2020-03-07,Chiefs,Rooster,Train,9,16,2,2,4,6,5,10,5198,2339940,82,119,1,2,2
2020-03-07,Renegades,AVANT,Nuke,16,6,1,1,11,4,5,2,5198,2340139,24,81,2,1,1
2020-03-07,Supremacy,Infamous,Train,16,7,1,1,10,5,6,2,5244,2340138,208,210,2,0,1
2020-03-07,Supremacy,Infamous,Mirage,16,7,1,2,8,0,8,7,5244,2340138,208,210,2,0,1
2020-03-07,Ground Zero,catman,Nuke,16,7,1,2,3,5,13,2,5198,2340140,110,146,2,0,1
2020-03-07,Ground Zero,catman,Mirage,16,12,1,1,5,10,11,2,5198,2340140,110,146,2,0,1
2020-03-07,TYLOO,Wubbalubbadubdub,Train,16,5,1,2,5,1,11,4,5196,2339930,29,191,2,0,1
2020-03-07,TYLOO,Wubbalubbadubdub,Dust2,16,6,1,1,13,2,3,4,5196,2339930,29,191,2,0,1
2020-03-07,EHOME,OneThree,Train,16,10,1,2,8,3,8,7,5196,2339932,115,126,2,0,1
2020-03-07,EHOME,OneThree,Nuke,16,5,1,1,14,1,2,4,5196,2339932,115,126,2,0,1
2020-03-07,Rooster,ORDER,Nuke,8,16,2,1,6,9,2,7,5198,2340141,119,70,0,2,2
2020-03-07,Rooster,ORDER,Mirage,8,16,2,2,2,7,6,9,5198,2340141,119,70,0,2,2
2020-03-07,Paper Rex,Lucid Dream,Nuke,13,16,2,2,6,8,7,8,5197,2339935,161,138,0,2,2
2020-03-07,Paper Rex,Lucid Dream,Overpass,8,16,2,2,4,5,4,11,5197,2339935,161,138,0,2,2
2020-03-07,HZ,Lucid Dream,Train,16,14,1,1,9,6,7,8,5197,2340150,87,138,1,2,2
2020-03-07,Complexity,GODSENT,Dust2,16,11,1,2,10,2,6,9,5135,2340166,15,18,2,0,1
2020-03-07,EHOME,ViCi,Overpass,8,16,2,1,5,10,3,6,5196,2340144,115,40,1,2,2
2020-03-07,Bad News Bears,Rugratz,Nuke,16,1,1,1,15,0,1,1,5178,2339900,37,102,2,1,1
2020-03-07,Bad News Bears,Rugratz,Mirage,10,16,2,1,4,11,6,5,5178,2339900,37,102,2,1,1
2020-03-07,Heretics,Heroic,Inferno,16,13,1,1,7,8,9,5,5135,2340161,76,14,2,0,1
2020-03-07,Heretics,Heroic,Dust2,16,13,1,2,6,8,10,5,5135,2340161,76,14,2,0,1
2020-03-07,FURIA,Triumph,Inferno,16,11,1,2,8,4,8,7,5178,2339898,13,103,2,0,1
2020-03-07,FURIA,Triumph,Overpass,16,14,1,1,4,11,12,3,5178,2339898,13,103,2,0,1
2020-03-07,eUnited,Ze Pug Godz,Overpass,14,16,2,1,12,3,2,13,5178,2339901,73,88,1,2,2
2020-03-07,eUnited,Ze Pug Godz,Inferno,10,16,2,1,8,7,2,9,5178,2339901,73,88,1,2,2
2020-03-07,Envy,Swole Identity,Train,16,14,1,2,8,7,8,7,5178,2339899,49,71,2,1,1
2020-03-07,Envy,Swole Identity,Overpass,11,16,2,2,3,9,8,7,5178,2339899,49,71,2,1,1
2020-03-07,Envy,Swole Identity,Mirage,16,12,1,2,8,5,8,7,5178,2339899,49,71,2,1,1
2020-03-07,fnatic,Dignitas,Overpass,16,3,1,1,15,0,1,3,5135,2340160,4,44,2,1,1
2020-03-07,fnatic,Dignitas,Inferno,19,15,1,2,4,11,11,4,5135,2340160,4,44,2,1,1
2020-03-07,fnatic,Dignitas,Vertigo,18,22,2,1,7,8,8,7,5135,2340160,4,44,2,1,1
2020-03-07,Gen.G,Divine,Nuke,16,7,1,2,4,4,12,3,5178,2339902,17,85,2,0,1
2020-03-07,Gen.G,Divine,Mirage,16,4,1,1,11,4,5,0,5178,2339902,17,85,2,0,1
2020-03-07,Cloud9,LiViD,Overpass,16,11,1,2,10,2,6,9,5178,2339905,23,93,2,0,1
2020-03-07,Cloud9,LiViD,Train,16,5,1,1,11,4,5,1,5178,2339905,23,93,2,0,1
2020-03-07,Orgless,Yeah,Dust2,16,9,1,1,9,6,7,3,5178,2339903,47,77,2,1,1
2020-03-07,Complexity,GODSENT,Inferno,16,11,1,1,8,7,8,4,5135,2340166,15,18,2,0,1
2020-03-07,BIG,NiP,Vertigo,11,16,2,1,8,7,3,9,5135,2340164,21,12,0,2,2
2020-03-07,BIG,NiP,Inferno,10,16,2,2,4,7,6,9,5135,2340164,21,12,0,2,2
2020-03-07,Chaos,Mythic,Mirage,7,16,2,1,6,9,1,7,5178,2339904,53,60,1,2,2
2020-03-07,Chaos,Mythic,Nuke,16,11,1,2,6,6,10,5,5178,2339904,53,60,1,2,2
2020-03-07,Chaos,Mythic,Overpass,7,16,2,1,5,10,2,6,5178,2339904,53,60,1,2,2
2020-03-07,Orgless,Yeah,Train,16,10,1,2,6,5,10,5,5178,2339903,47,77,2,1,1
2020-03-07,EHOME,ViCi,Nuke,17,19,2,1,5,10,10,5,5196,2340144,115,40,1,2,2
2020-03-07,Orgless,Yeah,Nuke,11,16,2,2,3,9,8,7,5178,2339903,47,77,2,1,1
2020-03-07,Bad News Bears,Rugratz,Inferno,16,11,1,2,9,3,7,8,5178,2339900,37,102,2,1,1
2020-03-07,eUnited,Ze Pug Godz,Vertigo,22,19,1,2,9,6,6,9,5178,2339901,73,88,1,2,2
2020-03-07,NiP,Apeks,Overpass,12,16,2,1,10,5,2,11,5135,2339913,12,66,2,1,1
2020-03-07,TYLOO,ViCi,Train,9,16,2,1,4,11,5,5,5196,2340154,29,40,1,2,2
2020-03-07,EHOME,ViCi,Mirage,19,16,1,1,6,9,9,6,5196,2340144,115,40,1,2,2
2020-03-07,fnatic,SMASH,Inferno,16,6,1,2,6,1,10,5,5135,2339906,4,86,2,0,1
2020-03-07,fnatic,SMASH,Mirage,16,7,1,1,9,6,7,1,5135,2339906,4,86,2,0,1
2020-03-07,OG,Heretics,Mirage,9,16,2,2,5,5,4,11,5135,2339911,16,76,0,2,2
2020-03-07,OG,Heretics,Dust2,9,16,2,1,6,9,3,7,5135,2339911,16,76,0,2,2
2020-03-07,NiP,Apeks,Inferno,16,5,1,2,5,1,11,4,5135,2339913,12,66,2,1,1
2020-03-07,Yalla,Aequus,Mirage,8,16,2,1,5,10,3,6,5195,2340135,169,151,0,2,2
2020-03-07,Dignitas,Movistar Riders,Nuke,16,14,1,2,12,3,4,11,5135,2339907,44,41,2,0,1
2020-03-07,Dignitas,Movistar Riders,Overpass,16,10,1,1,10,5,6,5,5135,2339907,44,41,2,0,1
2020-03-07,Heroic,KOVA,Nuke,19,16,1,2,9,6,6,9,5135,2339910,14,65,2,0,1
2020-03-07,Heroic,KOVA,Vertigo,16,10,1,1,10,5,6,5,5135,2339910,14,65,2,0,1
2020-03-07,Lucid Dream,Beyond,Mirage,22,19,1,2,7,8,8,7,5197,2340158,138,136,2,0,1
2020-03-07,Lucid Dream,Beyond,Overpass,16,3,1,1,12,3,4,0,5197,2340158,138,136,2,0,1
2020-03-07,Yalla,Aequus,Inferno,8,16,2,2,4,5,4,11,5195,2340135,169,151,0,2,2
2020-03-07,TYLOO,ViCi,Mirage,16,13,1,1,9,6,7,7,5196,2340154,29,40,1,2,2
2020-03-07,Bren,HZ,Nuke,22,20,1,2,6,9,9,6,5197,2340157,78,87,1,2,2
2020-03-07,TYLOO,ViCi,Vertigo,8,16,2,1,4,11,4,5,5196,2340154,29,40,1,2,2
2020-03-07,NiP,Apeks,Vertigo,16,14,1,1,11,4,5,10,5135,2339913,12,66,2,1,1
2020-03-07,GODSENT,Copenhagen Flames,Nuke,19,17,1,1,7,8,8,7,5135,2339908,18,35,2,0,1
2020-03-07,Bren,HZ,Mirage,10,16,2,1,8,7,2,9,5197,2340157,78,87,1,2,2
2020-03-07,GODSENT,Copenhagen Flames,Vertigo,16,13,1,1,8,7,8,6,5135,2339908,18,35,2,0,1
2020-03-07,Bren,HZ,Dust2,11,16,2,2,2,10,9,6,5197,2340157,78,87,1,2,2
2020-03-07,Complexity,Sprout,Inferno,16,9,1,1,10,5,6,4,5135,2339909,15,32,2,0,1
2020-03-07,Complexity,Sprout,Overpass,16,6,1,2,6,1,10,5,5135,2339909,15,32,2,0,1
2020-03-07,BIG,Nordavind,Mirage,16,6,1,1,9,6,7,0,5135,2339912,21,50,2,0,1
2020-03-07,BIG,Nordavind,Inferno,16,3,1,2,3,1,13,2,5135,2339912,21,50,2,0,1
2020-03-06,fbg,Unique,Train,9,16,2,1,5,10,4,6,5109,2340060,68,92,0,2,2
2020-03-06,Under 21,LiViD,Inferno,16,9,1,1,10,5,6,4,5151,2340006,114,93,16,9,1
2020-03-06,fbg,Unique,Mirage,11,16,2,2,4,8,7,8,5109,2340060,68,92,0,2,2
2020-03-06,Nemiga,eL'quvet,Dust2,16,6,1,2,4,3,12,3,5109,2340056,54,99,2,0,1
2020-03-06,Nemiga,eL'quvet,Nuke,16,5,1,2,6,0,10,5,5109,2340056,54,99,2,0,1
2020-03-06,Big Frames,Oceanus,Dust2,16,11,1,2,5,7,11,4,5151,2339827,91,112,16,11,1
2020-03-06,Triumph,New England Whalers,Overpass,16,2,1,1,13,2,3,0,5151,2340007,103,200,16,2,1
2020-03-06,Triumph,Big Frames,Nuke,22,20,1,2,9,6,6,9,5151,2340005,103,91,22,20,1
2020-03-06,Monstars,Infinity,Dust2,7,16,2,2,1,7,6,9,5151,2340003,100,125,7,16,2
2020-03-06,Monstars,Swole Identity,Train,14,16,2,1,6,9,8,7,5151,2340004,100,71,14,16,2
2020-03-06,LiViD,Triumph,Inferno,17,19,2,2,9,6,6,9,5151,2340002,93,103,17,19,2
2020-03-06,Swole Identity,New England Whalers,Mirage,16,12,1,2,7,6,9,6,5151,2339825,71,200,16,12,1
2020-03-06,Isurus,BOOM,Overpass,4,16,2,2,0,5,4,11,5173,2340000,108,36,0,2,2
2020-03-06,Isurus,BOOM,Mirage,17,19,2,1,9,6,6,9,5173,2340000,108,36,0,2,2
2020-03-06,eUnited,Divine,Vertigo,16,6,1,1,10,5,6,1,5151,2339423,73,85,16,6,1
2020-03-06,Rugratz,Infinity,Overpass,16,4,1,2,4,1,12,3,5151,2340001,102,125,16,4,1
2020-03-06,Finest,ATK,Mirage,16,14,1,2,13,2,3,12,5195,2340129,180,155,2,1,1
2020-03-06,AGO,GamerLegion,Inferno,16,6,1,2,6,1,10,5,5150,2340121,42,39,16,6,1
2020-03-06,Yalla,Camel Riders,Nuke,4,16,2,2,2,3,2,13,5195,2340124,169,166,1,2,2
2020-03-06,Finest,ATK,Inferno,16,4,1,1,12,3,4,1,5195,2340129,180,155,2,1,1
2020-03-06,Yalla,Camel Riders,Mirage,16,4,1,1,12,3,4,1,5195,2340124,169,166,1,2,2
2020-03-06,1WIN,Unique,Train,14,16,2,1,8,7,6,9,5109,2340123,97,92,1,2,2
2020-03-06,1WIN,Unique,Nuke,19,15,1,2,10,5,5,10,5109,2340123,97,92,1,2,2
2020-03-06,1WIN,Unique,Dust2,13,16,2,2,2,12,11,4,5109,2340123,97,92,1,2,2
2020-03-06,forZe,pro100,Dust2,19,15,1,1,4,11,11,4,5109,2340128,25,34,2,0,1
2020-03-06,forZe,pro100,Inferno,16,13,1,2,9,5,7,8,5109,2340128,25,34,2,0,1
2020-03-06,Espada,HellRaisers,Mirage,16,9,1,1,13,2,3,7,5109,2340126,55,51,2,0,1
2020-03-06,Hard Legion,Nemiga,Vertigo,16,14,1,2,8,7,8,7,5109,2340127,45,54,2,0,1
2020-03-06,Hard Legion,Nemiga,Overpass,16,8,1,2,5,4,11,4,5109,2340127,45,54,2,0,1
2020-03-06,Espada,HellRaisers,Dust2,16,12,1,2,8,5,8,7,5109,2340126,55,51,2,0,1
2020-03-06,Yalla,Camel Riders,Train,17,19,2,2,8,7,7,8,5195,2340124,169,166,1,2,2
2020-03-06,SG.pro,pro100,Dust2,14,16,2,2,9,6,5,10,5109,2340061,129,34,1,2,2
2020-03-06,SG.pro,pro100,Vertigo,19,17,1,2,8,7,7,8,5109,2340061,129,34,1,2,2
2020-03-06,SG.pro,pro100,Mirage,2,16,2,2,0,3,2,13,5109,2340061,129,34,1,2,2
2020-03-06,SpeedRunners,HellRaisers,Train,16,10,1,2,4,7,12,3,5109,2340058,79,51,1,2,2
2020-03-06,SpeedRunners,HellRaisers,Inferno,8,16,2,1,5,10,3,6,5109,2340058,79,51,1,2,2
2020-03-06,SpeedRunners,HellRaisers,Dust2,10,16,2,1,7,8,3,8,5109,2340058,79,51,1,2,2
2020-03-06,Finest,ATK,Dust2,16,19,2,2,11,4,4,11,5195,2340129,180,155,2,1,1
2020-03-05,Skyfire,Rooster,Mirage,10,16,2,1,8,7,2,9,5236,2339974,122,119,0,2,2
2020-03-05,PC419,Rooster,Mirage,3,16,2,2,0,4,3,12,5228,2339884,172,119,0,2,2
2020-03-05,Skyfire,Rooster,Vertigo,7,16,2,1,3,12,4,4,5236,2339974,122,119,0,2,2
2020-03-05,Airborne,AVANT,Inferno,4,16,2,2,2,3,2,13,5152,2339977,184,81,4,16,2
2020-03-05,EHOME,Invictus,Nuke,16,14,1,1,7,8,9,6,5241,2339983,115,230,2,0,1
2020-03-05,EHOME,Invictus,Mirage,16,4,1,1,11,4,5,0,5241,2339983,115,230,2,0,1
2020-03-05,D13,Updraft,Vertigo,16,8,1,2,7,2,9,6,5194,2339981,170,204,2,0,1
2020-03-05,D13,Updraft,Nuke,16,11,1,1,9,6,7,5,5194,2339981,170,204,2,0,1
2020-03-05,PACT,GamerLegion,Train,4,16,2,2,1,4,3,12,5150,2340049,64,39,4,16,2
2020-03-05,PC419,Rooster,Inferno,1,16,2,1,1,14,0,2,5228,2339884,172,119,0,2,2
2020-03-05,I sleep,FURY,Vertigo,17,19,2,2,10,5,5,10,5152,2339887,150,181,17,19,2
2020-03-05,GamerLegion,Illuminar,Mirage,16,6,1,1,12,3,4,3,5150,2339995,39,46,16,6,1
2020-03-05,Eimi Fukada FC,Paradox,Dust2,11,16,2,2,7,5,4,11,5236,2339975,223,109,1,2,2
2020-03-05,Eimi Fukada FC,Paradox,Train,25,22,1,1,7,8,8,7,5236,2339975,223,109,1,2,2
2020-03-05,forZe,SpeedRunners,Inferno,16,12,1,2,9,4,7,8,5109,2339914,25,79,2,0,1
2020-03-05,forZe,SpeedRunners,Nuke,16,3,1,1,14,1,2,2,5109,2339914,25,79,2,0,1
2020-03-05,Copenhagen Flames,Chaos,Mirage,10,16,2,1,9,6,1,10,5210,2339807,35,53,1,2,2
2020-03-05,Nemiga,1WIN,Inferno,6,16,2,2,1,6,5,10,5109,2339916,54,97,0,2,2
2020-03-05,Triumph,Recon 5,Nuke,14,16,2,2,7,8,7,8,5151,2339994,103,95,14,16,2
2020-03-05,Swole Identity,Triumph,Inferno,11,16,2,2,3,9,8,7,5151,2339824,71,103,11,16,2
2020-03-05,Copenhagen Flames,Chaos,Nuke,16,12,1,2,5,8,11,4,5210,2339807,35,53,1,2,2
2020-03-05,Copenhagen Flames,Chaos,Inferno,2,16,2,1,2,13,0,3,5210,2339807,35,53,1,2,2
2020-03-05,Spirit,SG.pro,Nuke,16,5,1,2,6,0,10,5,5109,2339921,28,129,2,0,1
2020-03-05,Divine,Mythic,Overpass,15,19,2,1,6,9,9,6,5151,2339984,85,60,15,19,2
2020-03-05,Big Frames,Infinity,Mirage,16,12,1,1,7,8,9,4,5151,2339988,91,125,16,12,1
2020-03-05,LiViD,Station7,Mirage,10,16,2,1,5,10,5,6,5151,2339987,93,148,10,16,2
2020-03-05,Triumph,Rugratz,Inferno,16,12,1,1,7,8,9,4,5151,2339985,103,102,16,12,1
2020-03-05,Bad News Bears,eUnited,Nuke,16,12,1,2,5,8,11,4,5151,2339765,37,73,16,12,1
2020-03-05,Swole Identity,In The Lab,Train,13,16,2,1,7,8,6,8,5151,2339986,71,120,13,16,2
2020-03-05,LiViD,Infinity,Train,16,7,1,1,9,6,7,1,5151,2339989,93,125,16,7,1
2020-03-05,Recon 5,New England Whalers,Nuke,16,5,1,1,12,3,4,2,5151,2339991,95,200,16,5,1
2020-03-05,Under 21,Station7,Inferno,16,10,1,1,6,9,10,1,5151,2339990,114,148,16,10,1
2020-03-05,Mythic,In The Lab,Nuke,16,9,1,2,10,0,6,9,5151,2339992,60,120,16,9,1
2020-03-05,Imperial,BOOM,Nuke,7,16,2,2,5,3,2,13,5173,2339969,171,36,1,2,2
2020-03-05,Imperial,BOOM,Mirage,9,16,2,2,2,8,7,8,5173,2339969,171,36,1,2,2
2020-03-05,Imperial,BOOM,Dust2,16,13,1,2,9,5,7,8,5173,2339969,171,36,1,2,2
2020-03-05,TeamOne,paiN,Dust2,16,7,1,1,10,5,6,2,5173,2339968,135,98,2,0,1
2020-03-05,TeamOne,paiN,Nuke,16,7,1,2,7,1,9,6,5173,2339968,135,98,2,0,1
2020-03-05,LiViD,New England Whalers,Nuke,16,10,1,1,7,8,9,2,5151,2339993,93,200,16,10,1
2020-03-05,Nemiga,1WIN,Nuke,7,16,2,1,6,9,1,7,5109,2339916,54,97,0,2,2
2020-03-05,Eimi Fukada FC,Paradox,Inferno,13,16,2,2,3,11,10,5,5236,2339975,223,109,1,2,2
2020-03-05,Spirit,SG.pro,Vertigo,16,13,1,1,8,7,8,6,5109,2339921,28,129,2,0,1
2020-03-05,Syman,Hard Legion,Overpass,11,16,2,2,5,7,6,9,5109,2340057,33,45,2,1,1
2020-03-05,AGO,Singularity,Mirage,16,8,1,1,10,5,6,3,5150,2340053,42,58,16,8,1
2020-03-05,1WIN,Gambit Youngsters,Mirage,9,16,2,1,3,12,6,4,5109,2340054,97,31,0,2,2
2020-03-05,1WIN,Gambit Youngsters,Dust2,6,16,2,2,0,7,6,9,5109,2340054,97,31,0,2,2
2020-03-05,forZe,Winstrike,Mirage,13,16,2,2,8,6,5,10,5109,2340052,25,52,0,2,2
2020-03-05,forZe,Winstrike,Vertigo,14,16,2,2,5,10,9,6,5109,2340052,25,52,0,2,2
2020-03-05,Spirit,Espada,Nuke,16,14,1,2,7,8,9,6,5109,2340055,28,55,2,0,1
2020-03-05,Spirit,Espada,Mirage,16,14,1,1,8,7,8,7,5109,2340055,28,55,2,0,1
2020-03-05,Syman,Hard Legion,Inferno,16,14,1,2,9,6,7,8,5109,2340057,33,45,2,1,1
2020-03-05,Camel Riders,Finest,Mirage,16,14,1,2,8,7,8,7,5195,2340096,166,180,2,1,1
2020-03-05,HAVU,BIG,Dust2,13,16,2,1,10,5,3,11,5210,2339809,30,21,0,2,2
2020-03-05,Camel Riders,Finest,Nuke,16,8,1,1,9,6,7,2,5195,2340096,166,180,2,1,1
2020-03-05,Camel Riders,Finest,Inferno,7,16,2,2,0,8,7,8,5195,2340096,166,180,2,1,1
2020-03-05,TeamOne,BOOM,Mirage,9,16,2,1,4,11,5,5,5173,2339999,135,36,0,2,2
2020-03-05,TeamOne,BOOM,Inferno,1,16,2,2,1,1,0,15,5173,2339999,135,36,0,2,2
2020-03-05,Orgless,Chaos,Inferno,16,11,1,1,9,6,7,5,5210,2339808,47,53,2,1,1
2020-03-05,Orgless,Chaos,Nuke,12,16,2,2,5,8,7,8,5210,2339808,47,53,2,1,1
2020-03-05,Orgless,Chaos,Overpass,16,6,1,1,13,2,3,4,5210,2339808,47,53,2,1,1
2020-03-05,Illuminar,Japaleno,Overpass,4,16,2,2,0,5,4,11,5150,2339996,46,69,4,16,2
2020-03-05,HAVU,BIG,Mirage,12,16,2,1,9,6,3,10,5210,2339809,30,21,0,2,2
2020-03-05,Syman,Hard Legion,Mirage,16,7,1,1,12,3,4,4,5109,2340057,33,45,2,1,1
2020-03-05,Movistar Riders,Singularity,Mirage,16,12,1,2,5,8,11,4,5150,2339998,41,58,16,12,1
2020-03-05,Yalla,ATK,Nuke,16,14,1,1,9,6,7,8,5195,2339928,169,155,2,1,1
2020-03-05,pro100,Espada,Train,8,16,2,2,4,5,4,11,5109,2339920,34,55,1,2,2
2020-03-05,Camel Riders,Aequus,Overpass,6,16,2,1,3,12,3,4,5195,2339927,166,151,2,1,1
2020-03-05,Camel Riders,Aequus,Inferno,16,11,1,1,6,9,10,2,5195,2339927,166,151,2,1,1
2020-03-05,Gambit Youngsters,eL'quvet,Train,19,16,1,2,8,7,7,8,5109,2339917,31,99,2,0,1
2020-03-05,Gambit Youngsters,eL'quvet,Mirage,16,7,1,1,9,6,7,1,5109,2339917,31,99,2,0,1
2020-03-05,Camel Riders,Aequus,Train,16,10,1,1,12,3,4,7,5195,2339927,166,151,2,1,1
2020-03-05,Syman,fbg,Dust2,22,20,1,1,6,9,9,6,5109,2339919,33,68,2,0,1
2020-03-05,HellRaisers,Winstrike,Overpass,17,19,2,2,10,5,5,10,5109,2339915,51,52,0,2,2
2020-03-05,HellRaisers,Winstrike,Train,6,16,2,2,2,5,4,11,5109,2339915,51,52,0,2,2
2020-03-05,Syman,fbg,Inferno,16,12,1,2,5,8,11,4,5109,2339919,33,68,2,0,1
2020-03-05,pro100,Espada,Overpass,19,17,1,1,12,3,3,12,5109,2339920,34,55,1,2,2
2020-03-05,Yalla,ATK,Inferno,6,16,2,2,3,4,3,12,5195,2339928,169,155,2,1,1
2020-03-05,PACT,Unicorns of Love,Vertigo,9,16,2,1,3,12,6,4,5150,2340048,64,141,9,16,2
2020-03-05,Hard Legion,Unique,Mirage,16,11,1,2,6,6,10,5,5109,2339918,45,92,2,1,1
2020-03-05,Hard Legion,Unique,Train,16,12,1,2,8,5,8,7,5109,2339918,45,92,2,1,1
2020-03-05,Hard Legion,Unique,Dust2,12,16,2,1,7,8,5,8,5109,2339918,45,92,2,1,1
2020-03-05,pro100,Espada,Mirage,11,16,2,1,5,10,6,6,5109,2339920,34,55,1,2,2
2020-03-05,Yalla,ATK,Overpass,16,9,1,1,10,5,6,4,5195,2339928,169,155,2,1,1
2020-03-04,Sharks,paiN,Dust2,9,16,2,1,6,9,3,7,5173,2339966,62,98,0,2,2
2020-03-04,TeamOne,RED Canids,Nuke,10,16,2,2,6,5,4,11,5173,2339963,135,107,0,2,2
2020-03-04,TeamOne,RED Canids,Mirage,16,19,2,1,6,9,9,6,5173,2339963,135,107,0,2,2
2020-03-04,Sharks,paiN,Nuke,6,16,2,2,2,5,4,11,5173,2339966,62,98,0,2,2
2020-03-04,Copenhagen Flames,HAVU,Train,11,16,2,1,8,7,3,9,5210,2339803,35,30,1,2,2
2020-03-04,Monstars,In The Lab,Train,16,19,2,1,7,8,8,7,5151,2339950,100,120,16,19,2
2020-03-04,Imperial,Isurus,Overpass,6,16,2,1,6,9,0,7,5173,2339965,171,108,0,2,2
2020-03-04,Imperial,Isurus,Dust2,10,16,2,2,3,8,7,8,5173,2339965,171,108,0,2,2
2020-03-04,Copenhagen Flames,HAVU,Nuke,13,16,2,1,10,5,3,11,5210,2339803,35,30,1,2,2
2020-03-04,DETONA,Orgless,Train,4,16,2,1,4,11,0,5,5210,2339802,123,47,0,2,2
2020-03-04,HAVU,Chaos,Overpass,28,26,1,2,7,8,8,7,5210,2339801,30,53,28,26,1
2020-03-04,LiViD,Oceanus,Nuke,17,19,2,1,5,10,10,5,5151,2339949,93,112,17,19,2
2020-03-04,Recon 5,Infinity,Train,16,12,1,1,8,7,8,5,5151,2339948,95,125,16,12,1
2020-03-04,Monstars,Under 21,Inferno,15,19,2,2,8,7,7,8,5151,2339763,100,114,15,19,2
2020-03-04,Triumph,Divine,Overpass,16,7,1,1,11,4,5,3,5151,2339945,103,85,16,7,1
2020-03-04,BOOM,W7M,Mirage,16,3,1,2,4,0,12,3,5173,2339964,36,89,2,0,1
2020-03-04,BOOM,W7M,Nuke,16,10,1,1,11,4,5,6,5173,2339964,36,89,2,0,1
2020-03-04,eUnited,Recon 5,Vertigo,16,10,1,1,8,7,8,3,5151,2339946,73,95,16,10,1
2020-03-04,Mythic,Bad News Bears,Overpass,12,16,2,1,10,5,2,11,5151,2339947,60,37,12,16,2
2020-03-04,Rugratz,Mythic,Vertigo,16,3,1,2,3,1,13,2,5151,2339944,102,60,16,3,1
2020-03-04,Chiefs,Eimi Fukada FC,Train,16,8,1,2,7,2,9,6,5236,2339942,82,223,2,0,1
2020-03-04,Copenhagen Flames,HAVU,Overpass,16,2,1,2,3,0,13,2,5210,2339803,35,30,1,2,2
2020-03-04,DETONA,Orgless,Dust2,12,16,2,2,4,9,8,7,5210,2339802,123,47,0,2,2
2020-03-04,Chiefs,Eimi Fukada FC,Dust2,16,7,1,2,6,2,10,5,5236,2339942,82,223,2,0,1
2020-03-04,Singularity,Illuminar,Mirage,14,16,2,1,5,10,9,6,5150,2339958,58,46,14,16,2
2020-03-04,Skyfire,Esper,Overpass,16,6,1,1,9,6,7,0,5152,2339952,122,243,16,6,1
2020-03-04,DETONA,BIG,Inferno,8,16,2,1,5,10,3,6,5210,2339806,123,21,0,2,2
2020-03-04,DETONA,BIG,Mirage,10,16,2,1,4,11,6,5,5210,2339806,123,21,0,2,2
2020-03-04,RED Canids,Isurus,Train,16,3,1,1,12,3,4,0,5173,2339967,107,108,2,0,1
2020-03-04,RED Canids,Isurus,Overpass,16,10,1,1,9,6,7,4,5173,2339967,107,108,2,0,1
2020-03-04,Redemption POA,Chaos,Overpass,11,16,2,1,9,6,2,10,5210,2339805,124,53,0,2,2
2020-03-04,Spirit,Japaleno,Dust2,19,16,1,1,8,7,7,8,5150,2339960,28,69,19,16,1
2020-03-04,BIG,AVEZ,Inferno,16,11,1,2,6,6,10,5,5210,2339804,21,48,2,0,1
2020-03-04,BIG,AVEZ,Vertigo,16,14,1,2,7,8,9,6,5210,2339804,21,48,2,0,1
2020-03-04,AGO,PACT,Inferno,16,9,1,2,6,4,10,5,5150,2339957,42,64,16,9,1
2020-03-04,Redemption POA,Chaos,Inferno,5,16,2,2,3,3,2,13,5210,2339805,124,53,0,2,2
2020-03-04,PACT,Japaleno,Overpass,8,16,2,1,7,8,1,8,5150,2339642,64,69,8,16,2
2020-03-04,Formidable,Ground Zero,Nuke,9,16,2,2,3,7,6,9,5152,2339953,198,110,9,16,2
2020-03-04,Aim4R,Updraft,Nuke,4,16,2,1,3,12,1,4,5194,2339973,222,204,1,2,2
2020-03-04,Aim4R,Updraft,Mirage,16,14,1,2,5,10,11,4,5194,2339973,222,204,1,2,2
2020-03-04,Aim4R,Updraft,Inferno,6,16,2,1,5,10,1,6,5194,2339973,222,204,1,2,2
2020-03-04,AVANT,Paradox,Dust2,16,4,1,1,11,4,5,0,5236,2339943,81,109,2,0,1
2020-03-04,AVANT,Paradox,Mirage,16,12,1,2,7,6,9,6,5236,2339943,81,109,2,0,1
2020-03-04,Esper,Incept,Vertigo,13,16,2,1,7,8,6,8,5152,2339954,243,168,13,16,2
2020-03-04,Ignis,Aim4R,Nuke,16,0,1,1,15,0,1,0,5194,2339924,152,222,2,0,1
2020-03-04,Ignis,Aim4R,Train,16,4,1,1,12,3,4,1,5194,2339924,152,222,2,0,1
2020-03-04,Spirit,Sprout,Nuke,16,12,1,2,8,5,8,7,5150,2339959,28,32,16,12,1
2020-03-03,Illuminar,PACT,Overpass,12,16,2,2,8,5,4,11,5150,2339756,46,64,12,16,2
2020-03-03,GamerLegion,Nordavind,Overpass,16,8,1,1,11,4,5,4,5150,2339889,39,50,16,8,1
2020-03-03,Ground Zero,Rooster,Inferno,16,10,1,1,10,5,6,5,5236,2339875,110,119,2,0,1
2020-03-03,Ground Zero,Rooster,Vertigo,16,14,1,1,4,11,12,3,5236,2339875,110,119,2,0,1
2020-03-03,ORDER,Skyfire,Vertigo,16,7,1,1,11,4,5,3,5236,2339874,70,122,2,1,1
2020-03-03,Bad News Bears,In The Lab,Train,16,3,1,1,12,3,4,0,5151,2339878,37,120,16,3,1
2020-03-03,ORDER,Skyfire,Train,25,23,1,1,10,5,5,10,5236,2339874,70,122,2,1,1
2020-03-03,Triumph,Oceanus,Nuke,16,8,1,1,12,3,4,5,5151,2339881,103,112,16,8,1
2020-03-03,In The Lab,LiViD,Nuke,4,16,2,1,4,11,0,5,5151,2339882,120,93,4,16,2
2020-03-03,Triumph,Mythic,Overpass,16,13,1,1,8,7,8,6,5151,2339880,103,60,16,13,1
2020-03-03,AGO,Japaleno,Mirage,16,13,1,2,7,7,9,6,5150,2339890,42,69,16,13,1
2020-03-03,BIG,DETONA,Dust2,11,16,2,2,3,9,8,7,5210,2339798,21,123,11,16,2
2020-03-03,ORDER,Skyfire,Inferno,14,16,2,2,8,7,6,9,5236,2339874,70,122,2,1,1
2020-03-03,Movistar Riders,Illuminar,Inferno,16,6,1,2,5,2,11,4,5150,2339892,41,46,16,6,1
2020-03-03,BOOM,TeamOne,Nuke,16,19,2,1,9,6,6,9,5173,2339896,36,135,0,2,2
2020-03-03,paiN,Isurus,Dust2,16,9,1,1,11,4,5,5,5173,2339895,98,108,1,2,2
2020-03-03,paiN,Isurus,Overpass,4,16,2,1,4,11,0,5,5173,2339895,98,108,1,2,2
2020-03-03,Sharks,Imperial,Dust2,7,16,2,1,6,9,1,7,5173,2339894,62,171,1,2,2
2020-03-03,Sharks,Imperial,Nuke,16,3,1,2,4,0,12,3,5173,2339894,62,171,1,2,2
2020-03-03,Sharks,Imperial,Train,9,16,2,1,7,8,2,8,5173,2339894,62,171,1,2,2
2020-03-03,paiN,Isurus,Inferno,11,16,2,2,3,9,8,7,5173,2339895,98,108,1,2,2
2020-03-03,BOOM,TeamOne,Train,14,16,2,2,9,6,5,10,5173,2339896,36,135,0,2,2
2020-03-03,W7M,RED Canids,Dust2,14,16,2,2,4,11,10,5,5173,2339897,89,107,0,2,2
2020-03-03,W7M,RED Canids,Train,5,16,2,1,3,12,2,4,5173,2339897,89,107,0,2,2
2020-03-03,Copenhagen Flames,Redemption POA,Train,16,7,1,2,5,3,11,4,5210,2339800,35,124,16,7,1
2020-03-03,AVEZ,Orgless,Nuke,14,16,2,2,7,8,7,8,5210,2339799,48,47,14,16,2
2020-03-03,Spirit,AGO,Mirage,4,16,2,2,0,5,4,11,5150,2339893,28,42,4,16,2
2020-03-02,AGO,Demolition Crew,Dust2,6,16,2,2,1,6,5,10,5150,2339863,42,102,6,16,2
2020-03-02,Airborne,TRIDENT,Dust2,12,16,2,1,7,8,5,8,5152,2339870,173,157,12,16,2
2020-03-02,AVANT,Ground Zero,Nuke,16,11,1,2,10,2,6,9,5152,2339869,103,113,16,11,1
2020-03-02,Swole Identity,Oceanus,Dust2,16,6,1,1,9,6,7,0,5151,2339877,65,128,16,6,1
2020-03-02,Infinity,Bad News Bears,Overpass,5,16,2,1,4,11,1,5,5151,2339876,143,33,5,16,2
2020-03-02,Chaos,Bad News Bears,Dust2,9,16,2,1,4,11,5,5,5151,2339823,54,33,9,16,2
2020-03-01,Wings,Global,Dust2,16,13,1,1,7,8,9,5,5234,2339873,231,167,2,1,1
2020-03-01,Incept,Rooster,Overpass,3,16,2,2,0,4,3,12,5152,2339748,219,124,3,16,2
2020-03-01,Wings,Global,Train,25,23,1,1,8,7,7,8,5234,2339867,231,167,25,23,1
2020-03-01,Wings,Global,Inferno,16,10,1,1,9,6,7,4,5234,2339873,231,167,2,1,1
2020-03-01,Wings,Global,Train,9,16,2,1,6,9,3,7,5234,2339873,231,167,2,1,1
2020-03-01,G2,Natus Vincere,Mirage,2,16,2,2,1,2,1,14,4901,2339402,8,6,0,3,2
2020-03-01,G2,Natus Vincere,Nuke,4,16,2,2,3,2,1,14,4901,2339402,8,6,0,3,2
2020-03-01,Hard Legion,HellRaisers,Dust2,6,16,2,2,2,5,4,11,5170,2339860,41,50,1,2,2
2020-03-01,Hard Legion,HellRaisers,Mirage,16,9,1,1,11,4,5,5,5170,2339860,41,50,1,2,2
2020-03-01,Hard Legion,HellRaisers,Inferno,9,16,2,1,8,7,1,9,5170,2339860,41,50,1,2,2
2020-03-01,G2,Natus Vincere,Dust2,13,16,2,1,7,8,6,8,4901,2339402,8,6,0,3,2
2020-02-29,fnatic,G2,Train,12,16,2,2,6,7,6,9,4901,2339400,4,8,1,2,2
2020-02-29,hREDS,KOVA,Dust2,7,16,2,1,4,11,3,5,5232,2339853,116,69,1,2,2
2020-02-29,hREDS,KOVA,Nuke,16,12,1,1,6,9,10,3,5232,2339853,116,69,1,2,2
2020-02-29,hREDS,KOVA,Train,14,16,2,2,1,14,13,2,5232,2339853,116,69,1,2,2
2020-02-29,forZe,Spirit,Nuke,9,16,2,1,3,12,6,4,5235,2339837,13,28,1,2,2
2020-02-29,forZe,Spirit,Inferno,12,16,2,1,3,12,9,4,5235,2339837,13,28,1,2,2
2020-02-29,forZe,Spirit,Mirage,16,12,1,1,6,9,10,3,5235,2339837,13,28,1,2,2
2020-02-29,fnatic,G2,Dust2,16,11,1,1,9,6,7,5,4901,2339400,4,8,1,2,2
2020-02-29,fnatic,G2,Inferno,12,16,2,2,7,6,5,10,4901,2339400,4,8,1,2,2
2020-02-29,HAVU,SJ,Nuke,16,11,1,1,8,7,8,4,5232,2339854,30,57,2,1,1
2020-02-29,HAVU,SJ,Dust2,16,4,1,2,4,1,12,3,5232,2339854,30,57,2,1,1
2020-02-29,HAVU,SJ,Train,16,19,2,1,11,4,4,11,5232,2339854,30,57,2,1,1
2020-02-29,Natus Vincere,Astralis,Nuke,16,5,1,1,13,2,3,3,4901,2339401,6,1,2,0,1
2020-02-29,Natus Vincere,Astralis,Dust2,16,5,1,2,2,4,14,1,4901,2339401,6,1,2,0,1
2020-02-28,HAVU,hREDS,Train,16,10,1,2,9,2,7,8,5232,2339783,30,116,2,0,1
2020-02-28,Oceanus,Infinity,Train,16,9,1,1,9,6,7,3,5151,2339819,128,143,16,9,1
2020-02-28,Swole Identity,Rugratz,Vertigo,26,28,2,2,7,8,8,7,5151,2339826,65,86,26,28,2
2020-02-28,LiViD,Monstars,Overpass,11,16,2,2,4,8,7,8,5151,2339820,108,119,11,16,2
2020-02-28,Asuna's Anime Aimers,Oceanus,Nuke,13,16,2,2,7,7,6,9,5151,2339844,131,128,13,16,2
2020-02-28,Chaos,Divine,Overpass,16,11,1,2,9,3,7,8,5151,2339822,54,99,16,11,1
2020-02-28,Swole Identity,Under 21,Nuke,11,16,2,2,5,7,6,9,5151,2339818,65,180,11,16,2
2020-02-28,SJ,KOVA,Train,16,8,1,2,6,3,10,5,5232,2339784,57,69,2,0,1
2020-02-28,HAVU,hREDS,Overpass,16,9,1,1,11,4,5,5,5232,2339783,30,116,2,0,1
2020-02-28,fnatic,100 Thieves,Mirage,19,16,1,2,9,6,6,9,4901,2339398,4,10,2,0,1
2020-02-28,fnatic,100 Thieves,Inferno,19,16,1,1,10,5,5,10,4901,2339398,4,10,2,0,1
2020-02-28,Demolition Crew,Sprout,Nuke,11,16,2,2,6,6,5,10,5150,2339850,102,40,11,16,2
2020-02-28,Natus Vincere,Liquid,Dust2,16,11,1,2,6,6,10,5,4901,2339399,6,3,2,0,1
2020-02-28,SJ,KOVA,Vertigo,16,11,1,2,10,2,6,9,5232,2339784,57,69,2,0,1
2020-02-28,Singularity,Sprout,Dust2,16,11,1,2,7,5,9,6,5150,2339849,75,40,16,11,1
2020-02-28,Natus Vincere,Liquid,Mirage,16,13,1,1,9,6,7,7,4901,2339399,6,3,2,0,1
2020-02-27,MC,Ground Zero,Mirage,5,16,2,2,3,3,2,13,5152,2339831,188,113,5,16,2
2020-02-27,MAD Lions,mousesports,Train,8,16,2,2,6,3,2,13,4901,2339393,11,2,0,2,2
2020-02-27,MAD Lions,mousesports,Dust2,4,16,2,1,4,11,0,5,4901,2339393,11,2,0,2,2
2020-02-27,Corvidae,MC,Mirage,7,16,2,2,4,4,3,12,5228,2339839,253,188,0,2,2
2020-02-27,AVANT,Chiefs,Inferno,16,10,1,1,9,6,7,4,5152,2339835,103,92,16,10,1
2020-02-27,Ground Zero,PC419,Mirage,16,10,1,2,10,1,6,9,5152,2339834,113,191,16,10,1
2020-02-27,FURY,madlikewizards,Nuke,13,16,2,1,9,6,4,10,5152,2339833,202,124,13,16,2
2020-02-27,Rugratz,Recon 5,Nuke,8,16,2,2,5,4,3,12,5151,2339814,86,111,8,16,2
2020-02-27,Esper,ORDER,Inferno,2,16,2,2,0,3,2,13,5152,2339836,284,62,2,16,2
2020-02-27,Station7,Thunder Logic,Overpass,2,16,2,1,2,13,0,3,5151,2339816,132,164,2,16,2
2020-02-27,Oceanus,Divine,Dust2,11,16,2,2,8,4,3,12,5151,2339817,128,99,11,16,2
2020-02-27,100 Thieves,Evil Geniuses,Nuke,16,12,1,1,12,3,4,9,4901,2339392,10,5,2,1,1
2020-02-27,Mythic,Infinity,Dust2,16,9,1,1,9,6,7,3,5151,2339768,74,143,16,9,1
2020-02-27,Chaos,Under 21,Nuke,10,16,2,2,1,10,9,6,5151,2339815,54,180,10,16,2
2020-02-27,Mythic,Oceanus,Vertigo,16,8,1,2,6,3,10,5,5151,2339766,74,128,16,8,1
2020-02-27,100 Thieves,Evil Geniuses,Dust2,16,12,1,1,7,8,9,4,4901,2339392,10,5,2,1,1
2020-02-27,Corvidae,MC,Vertigo,2,16,2,1,2,13,0,3,5228,2339839,253,188,0,2,2
2020-02-27,100 Thieves,Evil Geniuses,Inferno,12,16,2,2,2,11,10,5,4901,2339392,10,5,2,1,1
2020-02-27,Natus Vincere,FaZe,Inferno,16,14,1,1,9,6,7,8,4901,2339397,6,9,2,1,1
2020-02-27,Astralis,fnatic,Vertigo,16,8,1,2,7,2,9,6,4901,2339394,1,4,2,0,1
2020-02-27,100 Thieves,mousesports,Dust2,16,8,1,1,8,7,8,1,4901,2339396,10,2,2,1,1
2020-02-27,100 Thieves,mousesports,Nuke,16,14,1,2,8,7,8,7,4901,2339396,10,2,2,1,1
2020-02-27,AGO,Sprout,Nuke,8,16,2,1,7,8,1,8,5150,2339843,42,40,8,16,2
2020-02-27,Demolition Crew,Japaleno,Dust2,10,16,2,2,2,9,8,7,5150,2339842,102,78,10,16,2
2020-02-27,Natus Vincere,FaZe,Nuke,8,16,2,1,6,9,2,7,4901,2339397,6,9,2,1,1
2020-02-27,Natus Vincere,FaZe,Dust2,16,6,1,2,6,1,10,5,4901,2339397,6,9,2,1,1
2020-02-27,100 Thieves,mousesports,Inferno,10,16,2,2,3,8,7,8,4901,2339396,10,2,2,1,1
2020-02-27,AGO,Movistar Riders,Vertigo,16,11,1,2,4,8,12,3,5150,2339840,42,36,16,11,1
2020-02-27,G2,Liquid,Vertigo,16,10,1,1,9,6,7,4,4901,2339395,8,3,2,0,1
2020-02-27,Japaleno,Singularity,Overpass,7,16,2,1,3,12,4,4,5150,2339841,78,75,7,16,2
2020-02-27,HellRaisers,Na`Vi Junior,Dust2,16,11,1,2,9,3,7,8,5170,2339796,50,110,2,0,1
2020-02-27,HellRaisers,Na`Vi Junior,Overpass,16,6,1,2,3,4,13,2,5170,2339796,50,110,2,0,1
2020-02-27,Astralis,fnatic,Overpass,16,9,1,1,10,5,6,4,4901,2339394,1,4,2,0,1
2020-02-27,G2,Liquid,Dust2,16,11,1,1,8,7,8,4,4901,2339395,8,3,2,0,1
2020-02-26,MC,PC419,Inferno,16,11,1,2,9,3,7,8,5152,2339712,188,191,16,11,1
2020-02-26,100 Thieves,TYLOO,Inferno,16,9,1,1,7,8,9,1,4901,2339388,10,29,2,0,1
2020-02-26,100 Thieves,TYLOO,Vertigo,16,10,1,2,6,5,10,5,4901,2339388,10,29,2,0,1
2020-02-26,Chiefs,Airborne,Inferno,16,7,1,1,9,6,7,1,5152,2339828,92,173,16,7,1
2020-02-26,Incept,Formidable,Dust2,16,9,1,2,6,4,10,5,5152,2339789,219,225,16,9,1
2020-02-26,Paradox,Airborne,Dust2,16,5,1,2,5,1,11,4,5152,2339788,138,173,16,5,1
2020-02-26,ORDER,PC419,Dust2,16,3,1,1,12,3,4,0,5152,2339773,62,191,16,3,1
2020-02-26,AVANT,madlikewizards,Overpass,16,11,1,2,7,5,9,6,5152,2339428,103,124,16,11,1
2020-02-26,Divine,New England Whalers,Mirage,16,14,1,1,6,9,10,5,5151,2339759,99,142,16,14,1
2020-02-26,Swole Identity,LiViD,Mirage,19,16,1,1,8,7,7,8,5151,2339555,65,108,19,16,1
2020-02-26,Mythic,Thunder Logic,Dust2,16,13,1,1,8,7,8,6,5151,2339762,74,164,16,13,1
2020-02-26,eUnited,Infinity,Train,16,10,1,1,9,6,7,4,5151,2339551,67,143,16,10,1
2020-02-26,Bad News Bears,Recon 5,Nuke,16,8,1,2,4,5,12,3,5151,2339760,33,111,16,8,1
2020-02-26,Oceanus,Thunder Logic,Nuke,16,9,1,1,11,4,5,5,5151,2339786,128,164,16,9,1
2020-02-26,Station7,Swole Identity,Nuke,1,16,2,2,0,2,1,14,5151,2339761,132,65,1,16,2
2020-02-26,Virtus.pro,MAD Lions,Vertigo,16,7,1,1,8,7,8,0,4901,2339389,19,11,1,2,2
2020-02-26,Virtus.pro,MAD Lions,Dust2,13,16,2,2,3,11,10,5,4901,2339389,19,11,1,2,2
2020-02-26,Chaos,Mythic,Dust2,16,12,1,2,5,8,11,4,5151,2339785,54,74,16,12,1
2020-02-26,Virtus.pro,MAD Lions,Overpass,14,16,2,1,5,10,9,6,4901,2339389,19,11,1,2,2
2020-02-26,G2,mousesports,Dust2,13,16,2,2,1,13,12,3,4901,2339384,8,2,2,1,1
2020-02-26,Liquid,Evil Geniuses,Nuke,15,19,2,1,11,4,4,11,4901,2339385,3,5,2,1,1
2020-02-26,NiP,Natus Vincere,Train,10,16,2,1,6,9,4,7,4901,2339390,12,6,0,2,2
2020-02-26,Liquid,Evil Geniuses,Overpass,16,7,1,2,7,1,9,6,4901,2339385,3,5,2,1,1
2020-02-26,Vitality,FaZe,Mirage,16,14,1,1,7,8,9,6,4901,2339391,7,9,1,2,2
2020-02-26,Vitality,FaZe,Nuke,11,16,2,2,5,7,6,9,4901,2339391,7,9,1,2,2
2020-02-26,Vitality,FaZe,Inferno,10,16,2,1,5,10,5,6,4901,2339391,7,9,1,2,2
2020-02-26,PACT,HAVU,Train,12,16,2,1,8,7,4,9,5150,2339795,61,30,12,16,2
2020-02-26,Liquid,Evil Geniuses,Inferno,16,10,1,2,7,4,9,6,4901,2339385,3,5,2,1,1
2020-02-26,G2,mousesports,Inferno,16,6,1,1,10,5,6,1,4901,2339384,8,2,2,1,1
2020-02-26,HAVU,HellRaisers,Dust2,16,9,1,2,6,4,10,5,5150,2339797,30,50,16,9,1
2020-02-26,Movistar Riders,PACT,Nuke,16,5,1,1,12,3,4,2,5150,2339792,36,61,16,5,1
2020-02-26,Sprout,Japaleno,Train,16,4,1,2,5,0,11,4,5150,2339793,40,78,16,4,1
2020-02-26,Nordavind,Demolition Crew,Inferno,16,8,1,2,6,3,10,5,5150,2339794,58,102,16,8,1
2020-02-26,pro100,Nemiga,Vertigo,12,16,2,2,7,6,5,10,5150,2339791,31,51,12,16,2
2020-02-26,NiP,Natus Vincere,Mirage,3,16,2,2,1,3,2,13,4901,2339390,12,6,0,2,2
2020-02-26,G2,mousesports,Nuke,16,7,1,2,7,1,9,6,4901,2339384,8,2,2,1,1
2020-02-25,TRIDENT,Incept,Dust2,16,13,1,2,7,7,9,6,5152,2339774,157,219,16,13,1
2020-02-25,MAD Lions,Evil Geniuses,Dust2,16,14,1,1,8,7,8,7,4901,2339381,11,5,1,2,2
2020-02-25,MAD Lions,Evil Geniuses,Nuke,5,16,2,2,0,6,5,10,4901,2339381,11,5,1,2,2
2020-02-25,Liquid,Virtus.pro,Vertigo,19,16,1,1,8,7,7,8,4901,2339380,3,19,2,0,1
2020-02-25,Liquid,Virtus.pro,Mirage,16,9,1,2,7,3,9,6,4901,2339380,3,19,2,0,1
2020-02-25,Big Frames,Monstars,Mirage,16,5,1,1,13,2,3,3,5151,2339549,106,119,16,5,1
2020-02-25,Skyfire,Paradox,Inferno,14,16,2,1,6,9,8,7,5152,2339772,134,138,14,16,2
2020-02-25,Formidable,Esper,Mirage,16,14,1,1,8,7,8,7,5152,2339770,225,284,16,14,1
2020-02-25,FURY,AVANT,Inferno,11,16,2,1,7,8,4,8,5152,2339771,202,103,11,16,2
2020-02-25,Monstars,Oceanus,Mirage,16,14,1,2,9,6,7,8,5151,2339758,119,128,16,14,1
2020-02-25,NiP,Cloud9,Vertigo,16,9,1,2,4,6,12,3,4901,2339386,12,21,2,0,1
2020-02-25,MAD Lions,Evil Geniuses,Vertigo,7,16,2,1,4,11,3,5,4901,2339381,11,5,1,2,2
2020-02-25,Vitality,Astralis,Overpass,9,16,2,2,3,7,6,9,4901,2339382,7,1,0,2,2
2020-02-25,NiP,Cloud9,Overpass,16,2,1,1,14,1,2,1,4901,2339386,12,21,2,0,1
2020-02-25,Wisla Krakow,Demolition Crew,Inferno,19,16,1,1,7,8,8,7,5150,2339779,59,102,19,16,1
2020-02-25,Natus Vincere,fnatic,Dust2,7,16,2,2,2,6,5,10,4901,2339383,6,4,1,2,2
2020-02-25,Natus Vincere,fnatic,Inferno,16,14,1,1,7,8,9,6,4901,2339383,6,4,1,2,2
2020-02-25,PACT,Demolition Crew,Overpass,16,5,1,2,6,0,10,5,5150,2339778,61,102,16,5,1
2020-02-25,Japaleno,pro100,Dust2,10,16,2,2,6,5,4,11,5150,2339782,78,31,10,16,2
2020-02-25,Sprout,HellRaisers,Dust2,16,9,1,2,7,3,9,6,5150,2339781,40,50,16,9,1
2020-02-25,Natus Vincere,fnatic,Mirage,12,16,2,1,10,5,2,11,4901,2339383,6,4,1,2,2
2020-02-25,Renegades,FaZe,Inferno,12,16,2,2,5,8,7,8,4901,2339387,24,9,0,2,2
2020-02-25,Renegades,FaZe,Mirage,10,16,2,1,3,12,7,4,4901,2339387,24,9,0,2,2
2020-02-25,pro100,Movistar Riders,Overpass,10,16,2,1,4,11,6,5,5150,2339780,31,36,10,16,2
2020-02-25,HellRaisers,AGO,Mirage,13,16,2,2,9,5,4,11,5150,2339777,50,42,13,16,2
2020-02-25,Vitality,Astralis,Vertigo,19,22,2,1,9,6,6,9,4901,2339382,7,1,0,2,2
2020-02-24,NiP,Vitality,Vertigo,12,16,2,2,4,9,8,7,4901,2339373,14,7,0,2,2
2020-02-24,Thunder Logic,Monstars,Train,4,16,2,1,4,11,0,5,5151,2339704,168,121,4,16,2
2020-02-24,Gen.G,FURIA,Inferno,19,15,1,2,5,10,10,5,4869,2339367,51,21,2,0,1
2020-02-24,Gen.G,FURIA,Nuke,16,7,1,1,10,5,6,2,4869,2339367,51,21,2,0,1
2020-02-24,madlikewizards,ORDER,Nuke,0,16,2,1,0,15,0,1,5152,2339439,126,60,0,16,2
2020-02-24,Esper,AVANT,Mirage,4,16,2,2,1,4,3,12,5152,2339069,275,110,4,16,2
2020-02-24,ORDER,AVANT,Nuke,1,16,2,2,0,2,1,14,5152,2339747,60,110,1,16,2
2020-02-24,Astralis,Cloud9,Train,16,12,1,2,9,4,7,8,4901,2339374,1,20,2,0,1
2020-02-24,Astralis,Cloud9,Overpass,16,7,1,1,11,4,5,3,4901,2339374,1,20,2,0,1
2020-02-24,NiP,Vitality,Nuke,10,16,2,1,7,8,3,8,4901,2339373,14,7,0,2,2
2020-02-24,Natus Vincere,FaZe,Dust2,16,14,1,2,8,7,8,7,4901,2339375,6,9,2,1,1
2020-02-24,Renegades,fnatic,Inferno,14,16,2,1,10,5,4,11,4901,2339376,22,4,0,2,2
2020-02-24,Natus Vincere,FaZe,Overpass,16,10,1,2,10,1,6,9,4901,2339375,6,9,2,1,1
2020-02-24,100 Thieves,G2,Mirage,3,16,2,2,0,4,3,12,4901,2339378,10,8,0,2,2
2020-02-24,100 Thieves,G2,Dust2,2,16,2,2,0,3,2,13,4901,2339378,10,8,0,2,2
2020-02-24,Natus Vincere,FaZe,Nuke,9,16,2,1,7,8,2,8,4901,2339375,6,9,2,1,1
2020-02-24,Renegades,fnatic,Dust2,4,16,2,2,2,3,2,13,4901,2339376,22,4,0,2,2
2020-02-24,mousesports,TYLOO,Inferno,16,5,1,1,11,4,5,1,4901,2339503,2,28,2,0,1
2020-02-24,mousesports,TYLOO,Dust2,16,10,1,2,9,2,7,8,4901,2339503,2,28,2,0,1
2020-02-24,pro100,Nordavind,Dust2,22,19,1,1,6,9,9,6,5150,2339753,36,58,22,19,1
2020-02-24,pro100,BIG,Mirage,16,13,1,2,7,7,9,6,5150,2339724,36,25,16,13,1
2020-02-23,Wisla Krakow,BIG,Nuke,2,16,2,2,0,3,2,13,5150,2339745,57,25,2,16,2
2020-02-23,ENCE,MIBR,Train,19,15,1,1,9,6,6,9,4869,2339362,11,16,1,2,2
2020-02-23,ENCE,MIBR,Nuke,8,16,2,2,3,6,5,10,4869,2339362,11,16,1,2,2
2020-02-23,North,Endpoint,Dust2,19,17,1,2,5,10,10,5,4869,2339363,26,52,2,0,1
2020-02-23,North,Endpoint,Vertigo,16,7,1,1,8,7,8,0,4869,2339363,26,52,2,0,1
2020-02-23,Complexity,MIBR,Dust2,16,9,1,2,6,4,10,5,4869,2339364,23,16,2,0,1
2020-02-23,Complexity,MIBR,Nuke,16,2,1,1,14,1,2,1,4869,2339364,23,16,2,0,1
2020-02-23,Updraft,ikarus,Mirage,25,22,1,2,9,6,6,9,5191,2339739,297,292,2,0,1
2020-02-23,Updraft,ikarus,Nuke,16,5,1,1,11,4,5,1,5191,2339739,297,292,2,0,1
2020-02-23,ENCE,MIBR,Overpass,11,16,2,2,5,7,6,9,4869,2339362,11,16,1,2,2
2020-02-23,AGO,Gambit Youngsters,Dust2,19,17,1,2,7,8,8,7,5223,2339743,43,37,2,1,1
2020-02-23,AGO,Gambit Youngsters,Vertigo,13,16,2,2,8,6,5,10,5223,2339743,43,37,2,1,1
2020-02-23,Copenhagen Flames,AGO,Train,8,16,2,2,6,3,2,13,5223,2339744,30,43,1,2,2
2020-02-23,FURIA,Complexity,Mirage,11,16,2,1,3,12,8,4,4869,2339366,21,23,2,1,1
2020-02-23,AGO,Gambit Youngsters,Train,16,12,1,1,8,7,8,5,5223,2339743,43,37,2,1,1
2020-02-23,FURIA,Complexity,Nuke,16,14,1,2,7,8,9,6,4869,2339366,21,23,2,1,1
2020-02-23,FURIA,Complexity,Overpass,16,11,1,2,7,5,9,6,4869,2339366,21,23,2,1,1
2020-02-23,Copenhagen Flames,AGO,Nuke,16,13,1,2,9,5,7,8,5223,2339744,30,43,1,2,2
2020-02-23,Copenhagen Flames,AGO,Vertigo,8,16,2,2,2,7,6,9,5223,2339744,30,43,1,2,2
2020-02-23,Gen.G,North,Dust2,16,13,1,2,5,9,11,4,4869,2339365,51,26,2,0,1
2020-02-23,Gen.G,North,Mirage,16,14,1,2,9,6,7,8,4869,2339365,51,26,2,0,1
2020-02-22,Gambit Youngsters,Nemiga,Dust2,16,10,1,2,5,6,11,4,5223,2339737,37,55,2,0,1
2020-02-22,MIBR,Complexity,Dust2,11,16,2,2,7,5,4,11,4869,2339356,16,23,11,16,2
2020-02-22,Gen.G,Complexity,Inferno,16,13,1,2,7,7,9,6,4869,2339360,51,23,16,13,1
2020-02-22,SJ,LDLC,Inferno,13,16,2,1,5,10,8,6,5224,2339734,63,189,0,2,2
2020-02-22,SJ,LDLC,Train,8,16,2,2,4,5,4,11,5224,2339734,63,189,0,2,2
2020-02-22,HAVU,FATE,Vertigo,16,4,1,1,11,4,5,0,5224,2339735,32,61,2,0,1
2020-02-22,HAVU,FATE,Dust2,16,3,1,2,4,0,12,3,5224,2339735,32,61,2,0,1
2020-02-22,FURIA,North,Overpass,16,3,1,1,14,1,2,2,4869,2339359,21,26,16,3,1
2020-02-22,Gambit Youngsters,Nemiga,Vertigo,16,12,1,1,7,8,9,4,5223,2339737,37,55,2,0,1
2020-02-22,LDLC,HAVU,Train,9,16,2,1,8,7,1,9,5224,2339741,189,32,0,2,2
2020-02-22,AGO,Copenhagen Flames,Mirage,8,16,2,1,7,8,1,8,5223,2339729,43,30,0,2,2
2020-02-22,AGO,Copenhagen Flames,Nuke,3,16,2,2,2,2,1,14,5223,2339729,43,30,0,2,2
2020-02-22,Endpoint,forZe,Vertigo,28,26,1,2,7,8,8,7,4869,2339361,52,13,2,1,1
2020-02-22,Endpoint,forZe,Train,16,7,1,1,12,3,4,4,4869,2339361,52,13,2,1,1
2020-02-22,Endpoint,forZe,Inferno,12,16,2,1,6,9,6,7,4869,2339361,52,13,2,1,1
2020-02-22,LDLC,HAVU,Dust2,13,16,2,2,6,8,7,8,5224,2339741,189,32,0,2,2
2020-02-21,hREDS,SJ,Nuke,12,16,2,2,5,8,7,8,5224,2339720,228,63,0,2,2
2020-02-21,Rysix,Neverest,Inferno,10,16,2,2,5,6,5,10,5222,2339731,188,258,0,2,2
2020-02-21,Rysix,Neverest,Nuke,4,16,2,2,1,4,3,12,5222,2339731,188,258,0,2,2
2020-02-21,Swole Identity,Infinity,Train,16,5,1,2,6,0,10,5,5151,2339554,68,144,16,5,1
2020-02-21,Mythic,New England Whalers,Overpass,16,12,1,2,6,7,10,5,5151,2339705,83,143,16,12,1
2020-02-21,Station7,Oceanus,Nuke,9,16,2,1,2,13,7,3,5151,2339556,158,152,9,16,2
2020-02-21,Nemiga,GamerLegion,Inferno,7,16,2,1,4,11,3,5,5150,2339629,55,46,7,16,2
2020-02-21,hREDS,SJ,Train,4,16,2,2,0,5,4,11,5224,2339720,228,63,0,2,2
2020-02-21,FATE,SJ,Train,16,14,1,1,7,8,9,6,5224,2339718,61,63,16,14,1
2020-02-21,GamerLegion,Unicorns of Love,Overpass,16,8,1,2,5,4,11,4,5150,2339722,46,80,16,8,1
2020-02-21,FATE,Gambit Youngsters,Overpass,8,16,2,1,4,11,4,5,5223,2339727,61,37,1,2,2
2020-02-21,FATE,Gambit Youngsters,Train,16,13,1,2,7,7,9,6,5223,2339727,61,37,1,2,2
2020-02-21,FATE,Gambit Youngsters,Dust2,6,16,2,2,1,6,5,10,5223,2339727,61,37,1,2,2
2020-02-21,ENCE,Gen.G,Nuke,14,16,2,1,10,5,4,11,4869,2339358,11,51,14,16,2
2020-02-21,Demolition Crew,Nemiga,Overpass,6,16,2,2,2,5,4,11,5223,2339728,119,55,1,2,2
2020-02-21,Demolition Crew,Nemiga,Inferno,16,10,1,2,8,3,8,7,5223,2339728,119,55,1,2,2
2020-02-21,Demolition Crew,Nemiga,Mirage,17,19,2,2,9,6,6,9,5223,2339728,119,55,1,2,2
2020-02-21,North,forZe,Nuke,16,8,1,1,11,4,5,4,4869,2339357,26,13,16,8,1
2020-02-21,FURIA,Endpoint,Inferno,16,6,1,2,6,1,10,5,4869,2339355,21,52,16,6,1
2020-02-20,PC419,Skyfire,Mirage,12,16,2,1,8,7,4,9,5152,2339709,169,136,12,16,2
2020-02-20,HellRaisers,Japaleno,Dust2,9,16,2,1,7,8,2,8,5150,2339673,45,163,9,16,2
2020-02-20,Spirit,GamerLegion,Mirage,16,14,1,2,8,7,8,7,5150,2339671,27,46,16,14,1
2020-02-20,HellRaisers,BIG,Mirage,11,16,2,2,6,6,5,10,5150,2339669,45,25,11,16,2
2020-02-20,Esper,TRIDENT,Mirage,11,16,2,2,4,8,7,8,5152,2339711,275,160,11,16,2
2020-02-20,Chiefs,ORDER,Train,16,19,2,1,5,10,10,5,5152,2339710,84,60,16,19,2
2020-02-20,Isurus,RED Canids,Dust2,10,16,2,2,5,6,5,10,5182,2339146,100,139,0,2,2
2020-02-20,Formidable,Paradox,Dust2,3,16,2,1,2,13,1,3,5152,2339658,225,140,3,16,2
2020-02-20,Divine,Thunder Logic,Mirage,16,11,1,1,8,7,8,4,5151,2339699,97,168,16,11,1
2020-02-20,Big Frames,Mythic,Overpass,8,16,2,2,2,7,6,9,5151,2339656,104,83,8,16,2
2020-02-20,Isurus,RED Canids,Mirage,19,22,2,1,7,8,8,7,5182,2339146,100,139,0,2,2
2020-02-20,Station7,TeamOne,Mirage,16,10,1,1,10,5,6,5,5151,2339698,158,138,16,10,1
2020-02-20,GamerLegion,Singularity,Nuke,16,12,1,2,7,6,9,6,5150,2339676,46,75,16,12,1
2020-02-20,BIG,Spirit,Mirage,10,16,2,1,6,9,4,7,5150,2339674,25,27,10,16,2
2020-02-20,SJ,hREDS,Inferno,16,9,1,1,11,4,5,5,5224,2339682,63,228,16,9,1
2020-02-20,KOVA,LDLC,Dust2,13,16,2,2,2,12,11,4,5224,2339684,65,189,13,16,2
2020-02-20,FATE,Copenhagen Flames,Vertigo,8,16,2,1,7,8,1,8,5223,2339695,61,30,0,2,2
2020-02-20,Neverest,Rejected,Inferno,19,17,1,2,9,6,6,9,5222,2339708,258,220,2,0,1
2020-02-20,AGF,Sigma,Train,7,16,2,1,6,9,1,7,5225,2339714,124,155,2,1,1
2020-02-20,AGF,Sigma,Overpass,16,4,1,2,5,0,11,4,5225,2339714,124,155,2,1,1
2020-02-20,HAVU,KOVA,Nuke,16,6,1,2,4,3,12,3,5224,2339725,32,65,2,1,1
2020-02-20,HAVU,KOVA,Vertigo,13,16,2,1,6,9,7,7,5224,2339725,32,65,2,1,1
2020-02-20,HAVU,KOVA,Train,16,4,1,1,11,4,5,0,5224,2339725,32,65,2,1,1
2020-02-20,AGF,Sigma,Inferno,22,18,1,1,5,10,10,5,5225,2339714,124,155,2,1,1
2020-02-20,FATE,Copenhagen Flames,Inferno,13,16,2,1,8,7,5,9,5223,2339695,61,30,0,2,2
2020-02-20,Nemiga,AGO,Nuke,13,16,2,1,7,8,6,8,5223,2339685,55,43,0,2,2
2020-02-20,pro100,Unicorns of Love,Inferno,16,14,1,2,7,8,9,6,5150,2339679,36,80,16,14,1
2020-02-20,Nordavind,BIG,Inferno,9,16,2,1,6,9,3,7,5150,2339662,58,25,9,16,2
2020-02-20,PACT,Singularity,Nuke,16,10,1,1,12,3,4,7,5150,2339680,66,75,16,10,1
2020-02-20,Nemiga,AGO,Mirage,12,16,2,1,5,10,7,6,5223,2339685,55,43,0,2,2
2020-02-20,Neverest,Rejected,Nuke,16,3,1,1,12,3,4,0,5222,2339708,258,220,2,0,1
2020-02-19,kinetic,AGF,Mirage,13,16,2,1,4,11,9,5,5225,2339692,211,124,1,2,2
2020-02-19,Bad News Bears,Divine,Inferno,16,4,1,1,11,4,5,0,5151,2339550,34,97,16,4,1
2020-02-19,Ground Zero,FURY,Inferno,16,6,1,2,4,3,12,3,5152,2339689,113,205,16,6,1
2020-02-19,Nemiga,PACT,Nuke,9,16,2,1,5,10,4,6,5150,2339660,55,66,9,16,2
2020-02-19,PACT,HellRaisers,Vertigo,16,5,1,1,10,5,6,0,5150,2339663,66,45,16,5,1
2020-02-19,HAVU,pro100,Mirage,10,16,2,2,5,6,5,10,5150,2339661,32,36,10,16,2
2020-02-19,Wisla Krakow,Spirit,Train,9,16,2,1,4,11,5,5,5150,2339640,57,27,9,16,2
2020-02-19,Demolition Crew,Nemiga,Inferno,12,16,2,2,6,7,6,9,5150,2339664,119,55,12,16,2
2020-02-19,Sprout,GamerLegion,Nuke,16,13,1,1,8,7,8,6,5150,2339665,42,46,16,13,1
2020-02-19,Japaleno,Movistar Riders,Inferno,16,5,1,1,11,4,5,1,5150,2339666,163,35,16,5,1
2020-02-19,GamerLegion,HellRaisers,Mirage,16,11,1,1,11,4,5,7,5150,2339659,46,45,16,11,1
2020-02-19,kinetic,AGF,Train,5,16,2,1,4,11,1,5,5225,2339692,211,124,1,2,2
2020-02-19,kinetic,AGF,Inferno,16,14,1,2,4,11,12,3,5225,2339692,211,124,1,2,2
2020-02-19,Stepback,Sigma,Overpass,7,16,2,1,5,10,2,6,5225,2339693,289,155,1,2,2
2020-02-19,Singularity,Spirit,Vertigo,16,14,1,1,7,8,9,6,5150,2339667,75,27,16,14,1
2020-02-19,DETONA,Alma,Inferno,16,6,1,1,10,5,6,1,5182,2339145,125,175,1,1,2
2020-02-19,DETONA,Alma,Train,17,19,2,2,8,7,7,8,5182,2339145,125,175,1,1,2
2020-02-19,Stepback,Sigma,Inferno,4,16,2,2,2,3,2,13,5225,2339693,289,155,1,2,2
2020-02-19,Stepback,Sigma,Train,16,7,1,1,14,1,2,6,5225,2339693,289,155,1,2,2
2020-02-19,PACT,Demolition Crew,Dust2,12,16,2,1,12,3,0,13,5223,2339694,66,119,0,2,2
2020-02-19,PACT,Demolition Crew,Overpass,10,16,2,2,5,6,5,10,5223,2339694,66,119,0,2,2
2020-02-19,Hard Legion,Gambit Youngsters,Train,15,19,2,1,9,6,6,9,5223,2339686,38,37,0,2,2
2020-02-19,Hard Legion,Gambit Youngsters,Dust2,7,16,2,2,1,7,6,9,5223,2339686,38,37,0,2,2
2020-02-19,Nordavind,Unicorns of Love,Inferno,16,6,1,2,6,1,10,5,5150,2339668,58,80,16,6,1
2020-02-18,Skyfire,Incept,Train,16,3,1,1,12,3,4,0,5152,2339657,136,221,16,3,1
2020-02-18,Nemiga,Sprout,Vertigo,14,16,2,2,7,8,7,8,5150,2339632,55,42,14,16,2
2020-02-18,Na`Vi Junior,Skin Ogres,Mirage,16,8,1,1,10,5,6,3,5170,2339690,108,132,2,0,1
2020-02-18,Na`Vi Junior,Skin Ogres,Dust2,16,12,1,1,7,8,9,4,5170,2339690,108,132,2,0,1
2020-02-18,AVANT,Formidable,Dust2,16,3,1,1,12,3,4,0,5152,2339372,110,225,16,3,1
2020-02-18,Nordavind,Movistar Riders,Mirage,8,16,2,2,4,5,4,11,5150,2339634,58,35,8,16,2
2020-02-18,Big Frames,Thunder Logic,Mirage,16,13,1,1,6,9,10,4,5151,2339654,104,168,16,13,1
2020-02-18,Chaos,Rugratz,Overpass,19,16,1,2,9,6,6,9,5151,2339548,56,88,19,16,1
2020-02-18,Swole Identity,Recon 5,Vertigo,12,16,2,1,5,10,7,6,5151,2339655,68,109,12,16,2
2020-02-18,Bravos,Keyd,Vertigo,16,6,1,2,6,1,10,5,5182,2339144,186,218,1,1,2
2020-02-18,Bravos,Keyd,Overpass,10,16,2,2,8,3,2,13,5182,2339144,186,218,1,1,2
2020-02-18,Demolition Crew,Singularity,Dust2,16,10,1,2,4,7,12,3,5150,2339403,119,75,16,10,1
2020-02-18,Rejected,Rysix,Nuke,16,14,1,2,9,6,7,8,5222,2339507,220,188,16,14,1
2020-02-18,Wisla Krakow,Copenhagen Flames,Overpass,12,16,2,1,8,7,4,9,5170,2339691,57,30,0,2,2
2020-02-18,PACT,FATE,Overpass,12,16,2,2,6,7,6,9,5223,2339645,66,61,0,2,2
2020-02-18,Neverest,UP,Vertigo,11,16,2,1,5,10,6,6,5222,2339509,258,303,11,16,2
2020-02-18,Copenhagen Flames,Demolition Crew,Nuke,19,16,1,2,12,3,3,12,5223,2339646,30,119,2,0,1
2020-02-18,Copenhagen Flames,Demolition Crew,Mirage,16,10,1,1,9,6,7,4,5223,2339646,30,119,2,0,1
2020-02-18,BIG,Singularity,Nuke,16,13,1,1,9,6,7,7,5150,2339687,25,75,16,13,1
2020-02-18,Wisla Krakow,Copenhagen Flames,Mirage,10,16,2,2,4,7,6,9,5170,2339691,57,30,0,2,2
2020-02-18,PACT,FATE,Inferno,14,16,2,1,11,4,3,12,5223,2339645,66,61,0,2,2
2020-02-18,Japaleno,Nemiga,Inferno,20,22,2,1,7,8,8,7,5150,2339639,163,55,20,22,2
2020-02-18,Movistar Riders,Demolition Crew,Train,13,16,2,2,6,8,7,8,5150,2339638,35,119,13,16,2
2020-02-18,BIG,HAVU,Nuke,16,11,1,1,9,6,7,5,5150,2339637,25,32,16,11,1
2020-02-18,Sprout,Unicorns of Love,Inferno,16,0,1,2,1,0,15,0,5150,2339635,42,80,16,0,1
2020-02-17,pro100,Demolition Crew,Inferno,16,11,1,2,6,6,10,5,5150,2339630,31,108,16,11,1
2020-02-17,Orgless,Swole Identity,Nuke,16,10,1,2,7,4,9,6,5212,2339653,224,87,2,0,1
2020-02-17,Orgless,Swole Identity,Train,16,11,1,1,10,5,6,6,5212,2339653,224,87,2,0,1
2020-02-17,Redemption POA,DETONA,Inferno,16,2,1,1,13,2,3,0,5213,2339651,136,159,2,1,1
2020-02-17,Redemption POA,DETONA,Vertigo,16,12,1,1,9,6,7,6,5213,2339651,136,159,2,1,1
2020-02-17,Redemption POA,DETONA,Nuke,6,16,2,2,5,2,1,14,5213,2339651,136,159,2,1,1
2020-02-17,eUnited,Orgless,Nuke,14,16,2,1,11,4,3,12,5212,2339650,74,224,1,2,2
2020-02-17,eUnited,Orgless,Overpass,13,16,2,2,7,7,6,9,5212,2339650,74,224,1,2,2
2020-02-17,TRIDENT,AVANT,Train,6,16,2,1,2,13,4,3,5152,2339613,175,111,6,16,2
2020-02-17,madlikewizards,Ground Zero,Overpass,16,7,1,1,14,1,2,6,5152,2339623,118,102,16,7,1
2020-02-17,eUnited,Orgless,Train,16,5,1,2,5,1,11,4,5212,2339650,74,224,1,2,2
2020-02-17,Unicorns of Love,Japaleno,Inferno,17,19,2,2,7,8,8,7,5150,2339631,78,155,17,19,2
2020-02-17,W7M,Soberano,Dust2,16,10,1,2,9,2,7,8,5182,2339143,103,266,2,0,1
2020-02-17,Hard Legion,Nemiga,Dust2,12,16,2,1,6,9,6,7,5223,2339643,39,53,1,2,2
2020-02-17,Gambit Youngsters,AGO,Dust2,16,8,1,2,4,5,12,3,5223,2339647,37,43,1,2,2
2020-02-17,Gambit Youngsters,AGO,Mirage,5,16,2,1,2,13,3,3,5223,2339647,37,43,1,2,2
2020-02-17,W7M,Soberano,Nuke,16,5,1,2,5,1,11,4,5182,2339143,103,266,2,0,1
2020-02-17,Gambit Youngsters,AGO,Train,11,16,2,1,10,5,1,11,5223,2339647,37,43,1,2,2
2020-02-17,SKADE,Spirit,Overpass,16,10,1,1,10,5,6,5,5211,2339652,45,27,2,0,1
2020-02-17,SKADE,Spirit,Nuke,16,14,1,1,7,8,9,6,5211,2339652,45,27,2,0,1
2020-02-17,Hard Legion,Nemiga,Overpass,7,16,2,1,6,9,1,7,5223,2339643,39,53,1,2,2
2020-02-17,Hard Legion,Nemiga,Inferno,16,13,1,2,8,6,8,7,5223,2339643,39,53,1,2,2
2020-02-16,Swole Identity,Asuna's Anime Aimers,Dust2,16,19,2,1,7,8,8,7,5212,2339611,87,171,2,1,1
2020-02-16,Yeah,Chaos,Nuke,13,16,2,1,7,8,6,8,5212,2339607,132,66,0,2,2
2020-02-16,Bad News Bears,eUnited,Nuke,13,16,2,1,5,10,8,6,5212,2339602,35,74,1,2,2
2020-02-16,Yeah,Chaos,Inferno,12,16,2,2,6,7,6,9,5212,2339607,132,66,0,2,2
2020-02-16,Bad News Bears,eUnited,Overpass,8,16,2,2,6,3,2,13,5212,2339602,35,74,1,2,2
2020-02-16,Bad News Bears,eUnited,Inferno,16,6,1,2,7,0,9,6,5212,2339602,35,74,1,2,2
2020-02-16,Swole Identity,Asuna's Anime Aimers,Inferno,16,8,1,1,9,6,7,2,5212,2339611,87,171,2,1,1
2020-02-16,Swole Identity,Asuna's Anime Aimers,Nuke,16,9,1,2,9,1,7,8,5212,2339611,87,171,2,1,1
2020-02-16,Copenhagen Flames,SKADE,Inferno,14,16,2,1,10,5,4,11,5211,2339595,40,45,0,2,2
2020-02-16,Gambit Youngsters,HAVU,Train,16,4,1,1,12,3,4,1,5211,2339606,37,36,2,1,1
2020-02-16,Gambit Youngsters,HAVU,Vertigo,16,13,1,2,7,7,9,6,5211,2339606,37,36,2,1,1
2020-02-16,Gambit Youngsters,HAVU,Dust2,9,16,2,1,3,12,6,4,5211,2339606,37,36,2,1,1
2020-02-16,Copenhagen Flames,SKADE,Nuke,19,22,2,1,7,8,8,7,5211,2339595,40,45,0,2,2
2020-02-16,Spirit,GamerLegion,Inferno,16,10,1,2,7,4,9,6,5211,2339605,27,44,2,1,1
2020-02-16,Spirit,GamerLegion,Nuke,9,16,2,2,1,9,8,7,5211,2339605,27,44,2,1,1
2020-02-16,AVEZ,Winstrike,Vertigo,16,13,1,1,6,9,10,4,5211,2339594,59,56,2,1,1
2020-02-16,Orgless,Recon 5,Mirage,16,9,1,2,7,3,9,6,5212,2339610,224,149,2,0,1
2020-02-16,Bravos,Redemption POA,Dust2,14,16,2,1,8,7,6,9,5213,2339600,196,136,0,2,2
2020-02-16,Isurus,DETONA,Nuke,16,11,1,1,7,8,9,3,5213,2339601,129,159,2,1,1
2020-02-16,Isurus,DETONA,Train,13,16,2,2,4,10,9,6,5213,2339601,129,159,2,1,1
2020-02-16,Bravos,Redemption POA,Nuke,12,16,2,2,8,5,4,11,5213,2339600,196,136,0,2,2
2020-02-16,Orgless,Triumph,Nuke,16,14,1,1,8,7,8,7,5212,2339580,224,92,2,0,1
2020-02-16,Orgless,Triumph,Train,16,6,1,2,3,4,13,2,5212,2339580,224,92,2,0,1
2020-02-16,Big Frames,Swole Identity,Vertigo,9,16,2,2,2,8,7,8,5212,2339578,238,87,0,2,2
2020-02-16,Big Frames,Swole Identity,Mirage,9,16,2,2,3,7,6,9,5212,2339578,238,87,0,2,2
2020-02-16,Ze Pug Godz,Recon 5,Dust2,13,16,2,2,3,11,10,5,5212,2339577,63,149,1,2,2
2020-02-16,Ze Pug Godz,Recon 5,Nuke,4,16,2,1,4,11,0,5,5212,2339577,63,149,1,2,2
2020-02-16,Ze Pug Godz,Recon 5,Inferno,16,3,1,1,12,3,4,0,5212,2339577,63,149,1,2,2
2020-02-16,Rugratz,Asuna's Anime Aimers,Train,8,16,2,2,2,7,6,9,5212,2339579,72,171,1,2,2
2020-02-16,Rugratz,Asuna's Anime Aimers,Nuke,16,4,1,1,11,4,5,0,5212,2339579,72,171,1,2,2
2020-02-16,Rugratz,Asuna's Anime Aimers,Mirage,10,16,2,1,8,7,2,9,5212,2339579,72,171,1,2,2
2020-02-16,Rysix,Alma,Overpass,16,4,1,2,5,0,11,4,5213,2339604,227,212,2,1,1
2020-02-16,Rysix,Alma,Mirage,16,14,1,1,4,11,12,3,5213,2339604,227,212,2,1,1
2020-02-16,Rysix,Alma,Train,5,16,2,2,3,3,2,13,5213,2339604,227,212,2,1,1
2020-02-16,Isurus,DETONA,Inferno,16,8,1,1,11,4,5,4,5213,2339601,129,159,2,1,1
2020-02-16,Spirit,GamerLegion,Mirage,16,12,1,2,6,7,10,5,5211,2339605,27,44,2,1,1
2020-02-16,Orgless,Recon 5,Inferno,16,6,1,2,4,3,12,3,5212,2339610,224,149,2,0,1
2020-02-16,AVEZ,Winstrike,Train,16,6,1,1,12,3,4,3,5211,2339594,59,56,2,1,1
2020-02-16,Yeah,Orgless,Mirage,13,16,2,1,11,4,2,12,5212,2339615,132,224,1,2,2
2020-02-16,Chaos,eUnited,Overpass,16,11,1,2,7,5,9,6,5212,2339614,66,74,2,0,1
2020-02-16,Chaos,eUnited,Dust2,16,8,1,1,9,6,7,2,5212,2339614,66,74,2,0,1
2020-02-16,AVEZ,SKADE,Train,16,9,1,1,9,6,7,3,5211,2339626,59,45,2,1,1
2020-02-16,AVEZ,SKADE,Nuke,16,9,1,1,13,2,3,7,5211,2339626,59,45,2,1,1
2020-02-16,AVEZ,SKADE,Inferno,8,16,2,1,2,13,6,3,5211,2339626,59,45,2,1,1
2020-02-16,Yeah,Orgless,Nuke,6,16,2,2,0,7,6,9,5212,2339615,132,224,1,2,2
2020-02-16,Yeah,Orgless,Inferno,16,7,1,2,7,1,9,6,5212,2339615,132,224,1,2,2
2020-02-16,Spirit,Gambit Youngsters,Mirage,16,14,1,1,5,10,11,4,5211,2339648,27,37,2,0,1
2020-02-16,G2,OG,Dust2,5,16,2,2,1,5,4,11,5138,2339109,8,25,2,1,1
2020-02-16,Spirit,Gambit Youngsters,Train,16,13,1,1,8,7,8,6,5211,2339648,27,37,2,0,1
2020-02-16,Bad News Bears,Swole Identity,Nuke,14,16,2,1,7,8,7,8,5212,2339616,35,87,1,2,2
2020-02-16,Bad News Bears,Swole Identity,Inferno,16,8,1,2,6,3,10,5,5212,2339616,35,87,1,2,2
2020-02-16,DETONA,W7M,Dust2,19,15,1,1,7,8,8,7,5213,2339649,159,115,2,1,1
2020-02-16,DETONA,W7M,Nuke,16,14,1,2,13,2,3,12,5213,2339649,159,115,2,1,1
2020-02-16,AVEZ,Winstrike,Dust2,5,16,2,2,2,4,3,12,5211,2339594,59,56,2,1,1
2020-02-16,DETONA,W7M,Train,17,19,2,1,9,6,6,9,5213,2339649,159,115,2,1,1
2020-02-16,G2,OG,Inferno,16,7,1,1,11,4,5,3,5138,2339109,8,25,2,1,1
2020-02-16,Bad News Bears,Swole Identity,Mirage,8,16,2,2,4,5,4,11,5212,2339616,35,87,1,2,2
2020-02-16,G2,OG,Nuke,16,14,1,1,11,4,5,10,5138,2339109,8,25,2,1,1
2020-02-16,Winstrike,Gambit Youngsters,Dust2,9,16,2,2,4,6,5,10,5211,2339628,56,37,1,2,2
2020-02-16,W7M,Bravos,Overpass,16,19,2,1,8,7,7,8,5213,2339609,115,196,2,1,1
2020-02-16,Evil Geniuses,OG,Inferno,14,16,2,2,8,7,6,9,5138,2339108,5,25,1,2,2
2020-02-16,Evil Geniuses,OG,Mirage,3,16,2,2,0,4,3,12,5138,2339108,5,25,1,2,2
2020-02-16,Evil Geniuses,OG,Train,16,4,1,1,15,0,1,4,5138,2339108,5,25,1,2,2
2020-02-16,Rysix,DETONA,Nuke,5,16,2,2,1,5,4,11,5213,2339612,227,159,0,2,2
2020-02-16,Copenhagen Flames,Spirit,Mirage,4,16,2,2,1,4,3,12,5211,2339627,40,27,0,2,2
2020-02-16,Copenhagen Flames,Spirit,Nuke,16,19,2,1,9,6,6,9,5211,2339627,40,27,0,2,2
2020-02-16,Rysix,DETONA,Vertigo,3,16,2,1,3,12,0,4,5213,2339612,227,159,0,2,2
2020-02-16,Winstrike,Gambit Youngsters,Mirage,18,22,2,1,10,5,5,10,5211,2339628,56,37,1,2,2
2020-02-16,Winstrike,Gambit Youngsters,Overpass,16,12,1,2,9,4,7,8,5211,2339628,56,37,1,2,2
2020-02-16,Redemption POA,Isurus,Dust2,7,16,2,2,4,4,3,12,5213,2339608,136,129,1,2,2
2020-02-16,Redemption POA,Isurus,Inferno,14,16,2,1,8,7,6,9,5213,2339608,136,129,1,2,2
2020-02-16,Redemption POA,Isurus,Overpass,16,12,1,2,8,5,8,7,5213,2339608,136,129,1,2,2
2020-02-16,W7M,Bravos,Dust2,16,8,1,2,5,4,11,4,5213,2339609,115,196,2,1,1
2020-02-16,W7M,Bravos,Inferno,16,6,1,2,5,2,11,4,5213,2339609,115,196,2,1,1
2020-02-15,Sinners,Nexus,Mirage,13,16,2,1,7,8,6,8,5211,2339536,52,112,0,2,2
2020-02-15,Gambit Youngsters,pro100,Inferno,16,10,1,2,4,7,12,3,5211,2339540,37,31,2,0,1
2020-02-15,Gambit Youngsters,pro100,Mirage,16,14,1,2,11,4,5,10,5211,2339540,37,31,2,0,1
2020-02-15,ex-Virtus.pro,GamerLegion,Mirage,5,16,2,1,4,11,1,5,5211,2339542,29,44,0,2,2
2020-02-15,ex-Virtus.pro,GamerLegion,Inferno,7,16,2,1,4,11,3,5,5211,2339542,29,44,0,2,2
2020-02-15,New England Whalers,Orgless,Mirage,7,16,2,1,5,10,2,6,5212,2339567,120,224,0,2,2
2020-02-15,Sinners,Nexus,Inferno,10,16,2,2,5,6,5,10,5211,2339536,52,112,0,2,2
2020-02-15,New England Whalers,Orgless,Dust2,11,16,2,2,5,7,6,9,5212,2339567,120,224,0,2,2
2020-02-15,RBG,Rugratz,Nuke,16,14,1,1,4,11,12,3,5212,2339560,143,72,1,2,2
2020-02-15,RBG,Rugratz,Inferno,7,16,2,1,6,9,1,7,5212,2339560,143,72,1,2,2
2020-02-15,Hard Legion,Syman,Overpass,7,16,2,1,6,9,1,7,5211,2339535,39,30,0,2,2
2020-02-15,Hard Legion,Syman,Inferno,17,19,2,2,7,8,8,7,5211,2339535,39,30,0,2,2
2020-02-15,Moscow Five Academy,SpeedRunners,Inferno,5,16,2,2,0,6,5,10,5117,2339531,226,241,0,2,2
2020-02-15,1WIN,Juggernauts,Inferno,3,16,2,2,0,4,3,12,5211,2339537,86,51,1,2,2
2020-02-15,1WIN,Juggernauts,Nuke,16,12,1,1,10,5,6,7,5211,2339537,86,51,1,2,2
2020-02-15,1WIN,Juggernauts,Train,11,16,2,1,10,5,1,11,5211,2339537,86,51,1,2,2
2020-02-15,Movistar Riders,Endpoint,Mirage,16,11,1,2,5,7,11,4,5211,2339557,33,49,2,1,1
2020-02-15,Movistar Riders,Endpoint,Inferno,10,16,2,1,7,8,3,8,5211,2339557,33,49,2,1,1
2020-02-15,Movistar Riders,Endpoint,Train,16,12,1,2,7,6,9,6,5211,2339557,33,49,2,1,1
2020-02-15,Moscow Five Academy,SpeedRunners,Overpass,12,16,2,1,7,8,5,8,5117,2339531,226,241,0,2,2
2020-02-15,Tricked,Singularity,Nuke,16,14,1,2,11,4,5,10,5211,2339539,88,60,2,1,1
2020-02-15,Tricked,Singularity,Inferno,19,16,1,1,8,7,7,8,5211,2339539,88,60,2,1,1
2020-02-15,100 Thieves,Evil Geniuses,Nuke,16,19,2,1,7,8,8,7,5138,2339106,10,5,0,2,2
2020-02-15,Big Frames,Prospects,Overpass,16,12,1,2,10,3,6,9,5212,2339559,238,94,2,1,1
2020-02-15,RBG,Rugratz,Train,5,16,2,2,3,3,2,13,5212,2339560,143,72,1,2,2
2020-02-15,Swole Identity,New England Whalers,Mirage,16,8,1,1,12,3,4,5,5212,2339464,87,120,2,0,1
2020-02-15,Big Frames,Prospects,Nuke,13,16,2,2,6,8,7,8,5212,2339559,238,94,2,1,1
2020-02-15,Mythic,Yeah,Train,14,16,2,1,8,7,6,9,5212,2339463,80,132,0,2,2
2020-02-15,Bad News Bears,Big Frames,Mirage,16,1,1,1,14,1,2,0,5212,2339458,35,238,2,0,1
2020-02-15,Bad News Bears,Big Frames,Inferno,16,2,1,1,14,1,2,1,5212,2339458,35,238,2,0,1
2020-02-15,Ze Pug Godz,Asuna's Anime Aimers,Train,9,16,2,1,6,9,3,7,5212,2339462,63,171,0,2,2
2020-02-15,Ze Pug Godz,Asuna's Anime Aimers,Dust2,13,16,2,2,8,6,5,10,5212,2339462,63,171,0,2,2
2020-02-15,eUnited,RBG,Inferno,16,12,1,1,8,7,8,5,5212,2339460,74,143,2,0,1
2020-02-15,eUnited,RBG,Overpass,16,1,1,1,14,1,2,0,5212,2339460,74,143,2,0,1
2020-02-15,HAVU,AVEZ,Train,10,16,2,1,6,9,4,7,5211,2339533,36,59,0,2,2
2020-02-15,Swole Identity,New England Whalers,Vertigo,16,12,1,2,7,6,9,6,5212,2339464,87,120,2,0,1
2020-02-15,Triumph,Prospects,Overpass,16,9,1,1,8,7,8,2,5212,2339459,92,94,2,0,1
2020-02-15,Triumph,Prospects,Nuke,16,9,1,1,10,5,6,4,5212,2339459,92,94,2,0,1
2020-02-15,Mythic,Yeah,Mirage,17,19,2,1,8,7,7,8,5212,2339463,80,132,0,2,2
2020-02-15,Big Frames,Prospects,Inferno,16,14,1,1,8,7,8,7,5212,2339559,238,94,2,1,1
2020-02-15,Recon 5,Rugratz,Inferno,25,22,1,1,8,7,7,8,5212,2339461,149,72,2,1,1
2020-02-15,Recon 5,Rugratz,Vertigo,16,14,1,2,7,8,9,6,5212,2339461,149,72,2,1,1
2020-02-15,Recon 5,Rugratz,Overpass,13,16,2,1,7,8,6,8,5212,2339461,149,72,2,1,1
2020-02-15,Bravos,RED Canids,Dust2,6,16,2,2,2,5,4,11,5172,2339564,196,156,6,16,2
2020-02-15,Orgless,Chaos,Nuke,23,25,2,1,6,9,9,6,5212,2339465,224,66,1,2,2
2020-02-15,Orgless,Chaos,Inferno,19,16,1,1,3,12,12,3,5212,2339465,224,66,1,2,2
2020-02-15,Orgless,Chaos,Overpass,13,16,2,1,8,7,5,9,5212,2339465,224,66,1,2,2
2020-02-15,Ze Pug Godz,Mythic,Overpass,19,16,1,1,6,9,9,6,5212,2339561,63,80,2,0,1
2020-02-15,Ze Pug Godz,Mythic,Inferno,16,4,1,1,11,4,5,0,5212,2339561,63,80,2,0,1
2020-02-15,Evidence,2K,Inferno,16,14,1,1,8,7,8,7,5172,2339570,242,151,16,14,1
2020-02-15,100 Thieves,Evil Geniuses,Train,4,16,2,2,1,4,3,12,5138,2339106,10,5,0,2,2
2020-02-15,Tricked,Singularity,Dust2,9,16,2,2,1,9,8,7,5211,2339539,88,60,2,1,1
2020-02-15,HAVU,AVEZ,Vertigo,6,16,2,2,3,4,3,12,5211,2339533,36,59,0,2,2
2020-02-15,Keyd,W7M,Overpass,12,16,2,1,6,9,6,7,5213,2339590,200,115,0,2,2
2020-02-15,Heretics,GamerLegion,Nuke,12,16,2,1,9,6,3,10,5211,2339597,70,44,0,2,2
2020-02-15,Heretics,GamerLegion,Mirage,13,16,2,2,6,8,7,8,5211,2339597,70,44,0,2,2
2020-02-15,HAVU,Syman,Mirage,22,20,1,2,10,5,5,10,5211,2339598,36,30,2,0,1
2020-02-15,HAVU,Syman,Nuke,16,11,1,2,5,7,11,4,5211,2339598,36,30,2,0,1
2020-02-15,Bad News Bears,Triumph,Dust2,16,6,1,1,10,5,6,1,5212,2339558,35,92,2,0,1
2020-02-15,Bad News Bears,Triumph,Nuke,16,9,1,2,5,5,11,4,5212,2339558,35,92,2,0,1
2020-02-15,Rysix,Reapers,Mirage,16,10,1,2,9,2,7,8,5213,2339592,227,243,2,0,1
2020-02-15,Rysix,Reapers,Nuke,16,14,1,1,7,8,9,6,5213,2339592,227,243,2,0,1
2020-02-15,eUnited,Recon 5,Vertigo,16,8,1,1,8,7,8,1,5212,2339562,74,149,2,0,1
2020-02-15,eUnited,Recon 5,Nuke,16,14,1,1,6,9,10,5,5212,2339562,74,149,2,0,1
2020-02-15,Keyd,W7M,Mirage,11,16,2,2,6,6,5,10,5213,2339590,200,115,0,2,2
2020-02-15,Asuna's Anime Aimers,Yeah,Train,5,16,2,1,5,10,0,6,5212,2339563,171,132,1,2,2
2020-02-15,G2,OG,Dust2,16,6,1,2,4,3,12,3,5138,2339107,8,25,2,0,1
2020-02-15,Asuna's Anime Aimers,Yeah,Dust2,13,16,2,1,5,10,8,6,5212,2339563,171,132,1,2,2
2020-02-15,Asuna's Anime Aimers,Yeah,Mirage,16,11,1,1,8,7,8,4,5212,2339563,171,132,1,2,2
2020-02-15,Swole Identity,Chaos,Dust2,4,16,2,2,0,5,4,11,5212,2339566,87,66,1,2,2
2020-02-15,Swole Identity,Chaos,Mirage,6,16,2,1,4,11,2,5,5212,2339566,87,66,1,2,2
2020-02-15,Swole Identity,Chaos,Nuke,16,9,1,1,9,6,7,3,5212,2339566,87,66,1,2,2
2020-02-15,sAw,Winstrike,Overpass,9,16,2,1,5,10,4,6,5211,2339541,106,56,0,2,2
2020-02-15,Spirit,Juggernauts,Dust2,16,14,1,2,11,4,5,10,5211,2339596,27,51,2,1,1
2020-02-15,Spirit,Juggernauts,Train,9,16,2,2,3,7,6,9,5211,2339596,27,51,2,1,1
2020-02-15,sAw,Gambit Youngsters,Dust2,9,16,2,2,4,6,5,10,5211,2339599,106,37,1,2,2
2020-02-15,sAw,Gambit Youngsters,Overpass,16,14,1,2,8,7,8,7,5211,2339599,106,37,1,2,2
2020-02-15,sAw,Gambit Youngsters,Vertigo,11,16,2,2,6,6,5,10,5211,2339599,106,37,1,2,2
2020-02-15,G2,OG,Nuke,16,8,1,1,10,5,6,3,5138,2339107,8,25,2,0,1
2020-02-15,Spirit,Juggernauts,Mirage,16,11,1,1,9,6,7,5,5211,2339596,27,51,2,1,1
2020-02-15,Isurus,RED Canids,Overpass,16,12,1,2,10,3,6,9,5213,2339575,129,156,2,1,1
2020-02-15,Nexus,Syman,Overpass,9,16,2,1,7,8,2,8,5211,2339589,112,30,1,2,2
2020-02-15,Isurus,RED Canids,Mirage,16,19,2,1,8,7,7,8,5213,2339575,129,156,2,1,1
2020-02-15,sAw,Winstrike,Nuke,11,16,2,1,6,9,5,7,5211,2339541,106,56,0,2,2
2020-02-15,GamerLegion,Tricked,Train,16,13,1,2,9,5,7,8,5211,2339587,44,88,2,0,1
2020-02-15,Reapers,Redemption POA,Train,10,16,2,1,7,8,3,8,5213,2339574,243,136,0,2,2
2020-02-15,Reapers,Redemption POA,Dust2,7,16,2,1,5,10,2,6,5213,2339574,243,136,0,2,2
2020-02-15,Spirit,Copenhagen Flames,Train,10,16,2,2,7,4,3,12,5211,2339532,27,40,1,2,2
2020-02-15,Spirit,Copenhagen Flames,Mirage,16,14,1,2,10,5,6,9,5211,2339532,27,40,1,2,2
2020-02-15,Spirit,Copenhagen Flames,Inferno,12,16,2,1,8,7,4,9,5211,2339532,27,40,1,2,2
2020-02-15,Se7en,SG.pro,Mirage,13,16,2,2,8,6,5,10,5117,2339534,139,245,0,2,2
2020-02-15,Se7en,SG.pro,Overpass,13,16,2,1,11,4,2,12,5117,2339534,139,245,0,2,2
2020-02-15,Nexus,Syman,Inferno,11,16,2,2,3,9,8,7,5211,2339589,112,30,1,2,2
2020-02-15,GamerLegion,Tricked,Mirage,16,8,1,2,7,2,9,6,5211,2339587,44,88,2,0,1
2020-02-15,Nexus,Syman,Vertigo,22,20,1,1,8,7,7,8,5211,2339589,112,30,1,2,2
2020-02-15,SKADE,Heretics,Nuke,17,19,2,2,10,5,5,10,5211,2339543,45,70,2,1,1
2020-02-15,SKADE,Heretics,Train,16,10,1,1,12,3,4,7,5211,2339543,45,70,2,1,1
2020-02-15,Gambit Youngsters,Movistar Riders,Train,16,10,1,1,8,7,8,3,5211,2339588,37,33,2,1,1
2020-02-15,Gambit Youngsters,Movistar Riders,Mirage,23,25,2,2,7,8,8,7,5211,2339588,37,33,2,1,1
2020-02-15,Gambit Youngsters,Movistar Riders,Inferno,19,17,1,1,6,9,9,6,5211,2339588,37,33,2,1,1
2020-02-15,DETONA,W7M,Inferno,16,13,1,2,10,4,6,9,5213,2339576,159,115,2,1,1
2020-02-15,DETONA,W7M,Dust2,7,16,2,1,7,8,0,8,5213,2339576,159,115,2,1,1
2020-02-15,Isurus,RED Canids,Dust2,16,5,1,2,6,0,10,5,5213,2339575,129,156,2,1,1
2020-02-15,DETONA,W7M,Nuke,16,14,1,1,11,4,5,10,5213,2339576,159,115,2,1,1
2020-02-15,SKADE,Heretics,Inferno,16,9,1,2,6,4,10,5,5211,2339543,45,70,2,1,1
2020-02-14,HAVU,Nexus,Mirage,16,14,1,2,8,7,8,7,5211,2339501,36,112,2,1,1
2020-02-14,Gambit Youngsters,sAw,Inferno,16,10,1,1,8,7,8,3,5211,2339497,37,106,1,2,2
2020-02-14,Gambit Youngsters,sAw,Train,4,16,2,1,4,11,0,5,5211,2339497,37,106,1,2,2
2020-02-14,Juggernauts,Sinners,Inferno,14,16,2,2,4,11,10,5,5211,2339488,51,52,1,2,2
2020-02-14,HAVU,Nexus,Dust2,14,16,2,2,7,8,7,8,5211,2339501,36,112,2,1,1
2020-02-14,HAVU,Nexus,Overpass,16,8,1,2,6,3,10,5,5211,2339501,36,112,2,1,1
2020-02-14,Juggernauts,Sinners,Nuke,16,13,1,2,8,6,8,7,5211,2339488,51,52,1,2,2
2020-02-14,Juggernauts,Sinners,Mirage,12,16,2,2,3,10,9,6,5211,2339488,51,52,1,2,2
2020-02-14,Gambit Youngsters,sAw,Dust2,16,19,2,1,6,9,9,6,5211,2339497,37,106,1,2,2
2020-02-14,SKADE,Singularity,Overpass,16,11,1,1,8,7,8,4,5211,2339492,45,60,2,1,1
2020-02-14,Illuminar,1WIN,Nuke,17,19,2,2,8,7,7,8,5211,2339502,43,86,1,2,2
2020-02-14,Illuminar,1WIN,Inferno,16,8,1,1,10,5,6,3,5211,2339502,43,86,1,2,2
2020-02-14,Illuminar,1WIN,Overpass,7,16,2,1,5,10,2,6,5211,2339502,43,86,1,2,2
2020-02-14,SKADE,Singularity,Nuke,11,16,2,1,9,6,2,10,5211,2339492,45,60,2,1,1
2020-02-14,SKADE,Singularity,Inferno,16,14,1,1,7,8,9,6,5211,2339492,45,60,2,1,1
2020-02-14,HellRaisers,AVEZ,Inferno,10,16,2,2,5,6,5,10,5211,2339500,46,59,1,2,2
2020-02-14,HellRaisers,AVEZ,Vertigo,19,17,1,1,9,6,6,9,5211,2339500,46,59,1,2,2
2020-02-14,HellRaisers,AVEZ,Overpass,10,16,2,2,4,7,6,9,5211,2339500,46,59,1,2,2
2020-02-14,RED Canids,Rysix,Nuke,16,4,1,1,13,2,3,2,5213,2339474,156,227,2,0,1
2020-02-14,RED Canids,Rysix,Mirage,16,14,1,1,10,5,6,9,5213,2339474,156,227,2,0,1
2020-02-14,Spirit,Gambit Youngsters,Mirage,14,16,2,1,10,5,4,11,5214,2339505,27,37,2,1,1
2020-02-14,pro100,SMASH,Train,16,14,1,1,10,5,6,9,5211,2339491,31,186,2,0,1
2020-02-14,pro100,SMASH,Overpass,16,10,1,2,6,5,10,5,5211,2339491,31,186,2,0,1
2020-02-14,AGO,Tricked,Nuke,11,16,2,2,5,7,6,9,5211,2339498,41,88,1,2,2
2020-02-14,Big Frames,Orgless,Inferno,11,16,2,1,8,7,3,9,5177,2339486,238,224,0,2,2
2020-02-14,Big Frames,Orgless,Nuke,10,16,2,2,6,5,4,11,5177,2339486,238,224,0,2,2
2020-02-14,W7M,Bravos,Nuke,16,12,1,1,7,8,9,4,5182,2339142,115,196,2,0,1
2020-02-14,W7M,Bravos,Inferno,16,4,1,2,5,0,11,4,5182,2339142,115,196,2,0,1
2020-02-14,Big Frames,LiViD,Mirage,16,8,1,1,7,8,9,0,5151,2339425,238,82,16,8,1
2020-02-14,Yeah,Recon 5,Dust2,16,5,1,2,5,1,11,4,5177,2339485,132,149,2,1,1
2020-02-14,Yeah,Recon 5,Train,14,16,2,2,7,8,7,8,5177,2339485,132,149,2,1,1
2020-02-14,Yeah,Recon 5,Inferno,16,13,1,1,9,6,7,7,5177,2339485,132,149,2,1,1
2020-02-14,Spirit,Gambit Youngsters,Dust2,16,6,1,2,7,0,9,6,5214,2339505,27,37,2,1,1
2020-02-14,Spirit,Gambit Youngsters,Inferno,16,12,1,2,5,8,11,4,5214,2339505,27,37,2,1,1
2020-02-14,100 Thieves,G2,Vertigo,12,16,2,1,8,7,4,9,5138,2339104,10,8,0,2,2
2020-02-14,100 Thieves,G2,Dust2,13,16,2,1,8,7,5,9,5138,2339104,10,8,0,2,2
2020-02-14,Copenhagen Flames,Secret,Overpass,16,7,1,2,6,2,10,5,5211,2339490,40,98,2,0,1
2020-02-14,Copenhagen Flames,Secret,Mirage,16,10,1,2,8,3,8,7,5211,2339490,40,98,2,0,1
2020-02-14,Hard Legion,Unique,Overpass,16,8,1,1,8,7,8,1,5211,2339489,39,104,2,0,1
2020-02-14,Hard Legion,Unique,Mirage,16,10,1,1,10,5,6,5,5211,2339489,39,104,2,0,1
2020-02-14,GamerLegion,Heretics,Inferno,10,16,2,1,7,8,3,8,5211,2339494,44,70,0,2,2
2020-02-14,GamerLegion,Heretics,Nuke,12,16,2,2,6,7,6,9,5211,2339494,44,70,0,2,2
2020-02-14,AGO,Tricked,Train,20,22,2,1,5,10,10,5,5211,2339498,41,88,1,2,2
2020-02-14,Endpoint,Winstrike,Train,20,22,2,1,6,9,9,6,5211,2339496,49,56,1,2,2
2020-02-14,AGO,Tricked,Vertigo,16,10,1,1,10,5,6,5,5211,2339498,41,88,1,2,2
2020-02-14,Syman,HellRaisers,Inferno,16,9,1,2,4,6,12,3,5211,2339522,30,46,2,0,1
2020-02-14,Gambit Youngsters,AGO,Vertigo,16,3,1,2,4,0,12,3,5211,2339524,37,41,2,0,1
2020-02-14,GamerLegion,Cream,Train,25,23,1,2,7,8,8,7,5211,2339519,44,119,2,0,1
2020-02-14,GamerLegion,Cream,Mirage,16,7,1,1,10,5,6,2,5211,2339519,44,119,2,0,1
2020-02-14,DETONA,Alma,Inferno,16,13,1,1,6,9,10,4,5213,2339475,159,212,2,0,1
2020-02-14,DETONA,Alma,Vertigo,16,9,1,2,7,3,9,6,5213,2339475,159,212,2,0,1
2020-02-14,ex-Virtus.pro,Winstrike,Train,7,16,2,1,5,10,2,6,5211,2339525,29,56,0,2,2
2020-02-14,pro100,SKADE,Overpass,14,16,2,1,5,10,9,6,5211,2339516,31,45,1,2,2
2020-02-14,pro100,SKADE,Dust2,16,4,1,1,13,2,3,2,5211,2339516,31,45,1,2,2
2020-02-14,pro100,SKADE,Inferno,13,16,2,2,6,8,7,8,5211,2339516,31,45,1,2,2
2020-02-14,Evil Geniuses,OG,Dust2,17,19,2,2,7,8,8,7,5138,2339105,5,25,1,2,2
2020-02-14,Evil Geniuses,OG,Nuke,14,16,2,2,6,9,8,7,5138,2339105,5,25,1,2,2
2020-02-14,Evil Geniuses,OG,Inferno,16,14,1,1,6,9,10,5,5138,2339105,5,25,1,2,2
2020-02-14,SMASH,Singularity,Overpass,14,16,2,1,8,7,6,9,5211,2339518,186,60,1,2,2
2020-02-14,SMASH,Singularity,Nuke,16,12,1,2,11,2,5,10,5211,2339518,186,60,1,2,2
2020-02-14,SMASH,Singularity,Dust2,9,16,2,1,6,9,3,7,5211,2339518,186,60,1,2,2
2020-02-14,Heretics,Movistar Riders,Nuke,16,10,1,2,6,5,10,5,5211,2339515,70,33,2,1,1
2020-02-14,Heretics,Movistar Riders,Overpass,16,10,1,1,13,2,3,8,5211,2339515,70,33,2,1,1
2020-02-14,Bravos,Keyd,Nuke,16,14,1,1,9,6,7,8,5213,2339470,196,200,2,0,1
2020-02-14,Heretics,Movistar Riders,Inferno,11,16,2,1,5,10,6,6,5211,2339515,70,33,2,1,1
2020-02-14,Gambit Youngsters,AGO,Train,16,13,1,2,9,5,7,8,5211,2339524,37,41,2,0,1
2020-02-14,ex-Virtus.pro,Winstrike,Vertigo,13,16,2,1,6,9,7,7,5211,2339525,29,56,0,2,2
2020-02-14,Syman,HellRaisers,Mirage,16,7,1,2,6,2,10,5,5211,2339522,30,46,2,0,1
2020-02-14,Spirit,Sinners,Vertigo,16,6,1,2,6,1,10,5,5211,2339511,27,52,2,0,1
2020-02-14,Bravos,Keyd,Vertigo,16,14,1,1,3,12,13,2,5213,2339470,196,200,2,0,1
2020-02-14,Movistar Riders,Cream,Inferno,16,6,1,1,11,4,5,2,5211,2339493,33,119,2,1,1
2020-02-14,Movistar Riders,Cream,Train,10,16,2,2,4,7,6,9,5211,2339493,33,119,2,1,1
2020-02-14,lapw,SpeedRunners,Nuke,2,16,2,2,1,2,1,14,5117,2339530,126,241,2,16,2
2020-02-14,Endpoint,Winstrike,Overpass,10,16,2,1,4,11,6,5,5211,2339496,49,56,1,2,2
2020-02-14,Endpoint,Winstrike,Vertigo,16,13,1,1,10,5,6,8,5211,2339496,49,56,1,2,2
2020-02-14,Unique,Secret,Nuke,16,7,1,2,8,0,8,7,5211,2339514,104,98,2,0,1
2020-02-14,Unique,Secret,Mirage,16,9,1,1,10,5,6,4,5211,2339514,104,98,2,0,1
2020-02-14,100pinggods,Moscow Five Academy,Mirage,8,16,2,2,2,7,6,9,5117,2339527,105,226,8,16,2
2020-02-14,Movistar Riders,Cream,Overpass,22,20,1,2,11,4,4,11,5211,2339493,33,119,2,1,1
2020-02-14,Spirit,Sinners,Nuke,16,4,1,2,3,2,13,2,5211,2339511,27,52,2,0,1
2020-02-14,HAVU,1WIN,Dust2,16,1,1,1,14,1,2,0,5211,2339520,36,86,2,0,1
2020-02-14,Copenhagen Flames,Hard Legion,Mirage,16,11,1,1,9,6,7,5,5211,2339512,40,39,2,0,1
2020-02-14,Copenhagen Flames,Hard Legion,Inferno,16,11,1,1,11,4,5,7,5211,2339512,40,39,2,0,1
2020-02-14,sAw,Tricked,Vertigo,16,3,1,1,12,3,4,0,5211,2339521,106,88,2,0,1
2020-02-14,sAw,Tricked,Inferno,16,5,1,1,10,5,6,0,5211,2339521,106,88,2,0,1
2020-02-14,Nexus,Illuminar,Inferno,16,11,1,2,9,3,7,8,5211,2339523,112,43,2,0,1
2020-02-14,Nexus,Illuminar,Train,16,11,1,1,7,8,9,3,5211,2339523,112,43,2,0,1
2020-02-14,HAVU,1WIN,Train,16,8,1,1,9,6,7,2,5211,2339520,36,86,2,0,1
2020-02-13,Chaos,Station7,Nuke,16,0,1,2,1,0,15,0,5151,2339424,66,172,16,0,1
2020-02-13,Ground Zero,Airborne,Nuke,16,1,1,1,14,1,2,0,5152,2339435,102,166,16,1,1
2020-02-13,Chiefs,Paradox,Inferno,16,5,1,2,3,3,13,2,5152,2339291,89,130,16,5,1
2020-02-13,ORDER,Formidable,Vertigo,16,2,1,2,3,0,13,2,5152,2339434,54,209,16,2,1
2020-02-13,Orgless,Faint,Train,16,5,1,1,13,2,3,3,5177,2339483,224,190,16,5,1
2020-02-13,Recon 5,Polar Ace,Dust2,16,11,1,1,8,7,8,4,5177,2339481,149,83,16,11,1
2020-02-13,Big Frames,Asuna's Anime Aimers,Dust2,16,10,1,2,7,4,9,6,5177,2339482,238,171,16,10,1
2020-02-13,Asuna's Anime Aimers,Rap Gang,Mirage,16,13,1,2,12,2,4,11,5177,2339468,171,144,16,13,1
2020-02-13,Yeah,Russian Street Party,Inferno,16,4,1,1,13,2,3,2,5177,2339479,132,222,16,4,1
2020-02-13,New England Whalers,Orgless,Nuke,13,16,2,1,7,8,6,8,5177,2339467,120,224,13,16,2
2020-02-13,Isurus,Alma,Overpass,16,12,1,2,8,5,8,7,5182,2339140,129,212,2,0,1
2020-02-13,Isurus,Alma,Train,16,5,1,1,10,5,6,0,5182,2339140,129,212,2,0,1
2020-02-13,Big Frames,GameAgents,Mirage,16,6,1,1,14,1,2,5,5177,2339469,238,153,16,6,1
2020-02-13,Recon 5,Oceanus,Vertigo,16,8,1,1,8,7,8,1,5177,2339457,149,145,16,8,1
2020-02-13,Chiefs,Ground Zero,Nuke,16,5,1,2,5,1,11,4,5152,2339438,89,102,16,5,1
2020-02-13,TRIDENT,MC,Dust2,22,18,1,1,8,7,7,8,5152,2339437,175,178,22,18,1
2020-02-13,Complexity,SMASH,Mirage,16,14,1,2,10,5,6,9,5134,2339506,28,186,1,2,2
2020-02-13,Incept,FURY,Dust2,16,6,1,1,13,2,3,4,5152,2339436,203,184,16,6,1
2020-02-13,Singularity,Nordavind,Overpass,13,16,2,1,7,8,6,8,5150,2339407,60,55,13,16,2
2020-02-13,Complexity,SMASH,Overpass,8,16,2,1,6,9,2,7,5134,2339506,28,186,1,2,2
2020-02-13,Complexity,SMASH,Inferno,14,16,2,1,7,8,7,8,5134,2339506,28,186,1,2,2
2020-02-13,Gambit Youngsters,Unique,Overpass,16,5,1,1,12,3,4,2,5214,2339442,37,104,2,0,1
2020-02-13,Illuminar,Copenhagen Flames,Overpass,16,19,2,2,4,11,11,4,5134,2339504,43,40,0,2,2
2020-02-13,Singularity,SMASH,Dust2,11,16,2,1,4,11,7,5,5134,2339455,60,186,11,16,2
2020-02-13,Sinners,Complexity,Mirage,7,16,2,1,6,9,1,7,5134,2339454,52,28,7,16,2
2020-02-13,Illuminar,Copenhagen Flames,Nuke,9,16,2,1,7,8,2,8,5134,2339504,43,40,0,2,2
2020-02-13,Movistar Riders,Nemiga,Inferno,16,8,1,1,9,6,7,2,5150,2339406,33,53,16,8,1
2020-02-13,pro100,Gambit Youngsters,Train,11,16,2,1,6,9,5,7,5214,2339443,31,37,1,2,2
2020-02-13,pro100,Gambit Youngsters,Dust2,14,16,2,2,6,9,8,7,5214,2339443,31,37,1,2,2
2020-02-13,HAVU,Copenhagen Flames,Nuke,13,16,2,2,6,8,7,8,5134,2339453,36,40,13,16,2
2020-02-13,Illuminar,SKADE,Overpass,16,3,1,1,12,3,4,0,5134,2339452,43,45,16,3,1
2020-02-13,Gambit Youngsters,Unique,Train,16,8,1,1,9,6,7,2,5214,2339442,37,104,2,0,1
2020-02-13,pro100,Gambit Youngsters,Inferno,16,14,1,2,6,9,10,5,5214,2339443,31,37,1,2,2
2020-02-12,Paradox,Esper,Train,16,4,1,2,4,1,12,3,5152,2339430,130,261,16,4,1
2020-02-12,Nemiga,BIG,Inferno,13,16,2,2,7,7,6,9,5150,2339404,53,23,13,16,2
2020-02-12,Gambit Youngsters,Espada,Overpass,16,14,1,2,8,7,8,7,5214,2339431,37,71,2,0,1
2020-02-12,Gambit Youngsters,Espada,Mirage,16,13,1,1,10,5,6,8,5214,2339431,37,71,2,0,1
2020-02-12,Monstars,Station7,Mirage,9,16,2,1,5,10,4,6,5151,2339422,100,172,9,16,2
2020-02-12,Airborne,Skyfire,Overpass,14,16,2,1,8,7,6,9,5152,2339429,166,128,14,16,2
2020-02-12,Esper,PC419,Nuke,6,16,2,2,0,7,6,9,5152,2339427,261,179,6,16,2
2020-02-12,Rugratz,Riot Squad,Mirage,12,16,2,2,4,9,8,7,5151,2339420,72,35,12,16,2
2020-02-12,Mythic,eUnited,Vertigo,16,8,1,2,7,2,9,6,5151,2339421,80,74,16,8,1
2020-02-12,Spirit,pro100,Inferno,16,12,1,2,9,4,7,8,5214,2339432,27,31,2,1,1
2020-02-12,HellRaisers,Movistar Riders,Inferno,16,7,1,2,6,2,10,5,5150,2339440,46,33,16,7,1
2020-02-12,Revolt,Unique,Dust2,11,16,2,2,3,9,8,7,5214,2339433,127,104,0,2,2
2020-02-12,Spirit,pro100,Dust2,12,16,2,2,4,9,8,7,5214,2339432,27,31,2,1,1
2020-02-12,Endpoint,Sinners,Mirage,3,16,2,2,0,4,3,12,5134,2339447,49,52,3,16,2
2020-02-12,Spirit,pro100,Train,16,14,1,1,9,6,7,8,5214,2339432,27,31,2,1,1
2020-02-12,SMASH,AGO,Mirage,16,9,1,2,7,3,9,6,5134,2339450,186,41,16,9,1
2020-02-12,Complexity,AVEZ,Inferno,16,9,1,1,8,7,8,2,5134,2339449,28,59,16,9,1
2020-02-12,HAVU,FATE,Train,16,7,1,1,10,5,6,2,5134,2339446,36,57,16,7,1
2020-02-12,Singularity,SJ,Vertigo,16,9,1,1,8,7,8,2,5134,2339445,60,65,16,9,1
2020-02-12,Illuminar,PACT,Train,16,14,1,2,11,4,5,10,5134,2339444,43,64,16,14,1
2020-02-12,RED Canids,Keyd,Vertigo,14,16,2,1,2,13,12,3,5182,2339139,156,200,1,1,2
2020-02-12,RED Canids,Keyd,Train,16,2,1,2,2,1,14,1,5182,2339139,156,200,1,1,2
2020-02-12,Revolt,Unique,Nuke,16,19,2,1,4,11,11,4,5214,2339433,127,104,0,2,2
2020-02-12,HellRaisers,Nordavind,Mirage,16,14,1,2,6,9,10,5,5150,2339320,46,55,16,14,1
2020-02-11,Unique,pro100,Mirage,10,16,2,1,5,10,5,6,5214,2339410,104,31,0,2,2
2020-02-11,Mythic,Monstars,Inferno,28,25,1,1,7,8,8,7,5151,2339377,80,100,28,25,1
2020-02-11,Skyfire,FURY,Overpass,4,16,2,1,3,12,1,4,5152,2339370,128,184,4,16,2
2020-02-11,Incept,Chiefs,Inferno,12,16,2,2,7,6,5,10,5152,2339328,203,89,12,16,2
2020-02-11,TRIDENT,ROCK CANDY,Mirage,16,3,1,1,12,3,4,0,5152,2339426,175,194,16,3,1
2020-02-11,EXTREMUM,Espada,Train,16,11,1,2,7,5,9,6,5214,2339411,122,71,1,2,2
2020-02-11,Unique,pro100,Inferno,7,16,2,2,3,5,4,11,5214,2339410,104,31,0,2,2
2020-02-11,EXTREMUM,Espada,Inferno,9,16,2,1,4,11,5,5,5214,2339411,122,71,1,2,2
2020-02-11,EXTREMUM,Espada,Nuke,3,16,2,1,3,12,0,4,5214,2339411,122,71,1,2,2
2020-02-11,Wisla Krakow,Movistar Riders,Train,16,11,1,1,11,4,5,7,5150,2339322,58,33,16,11,1
2020-02-11,Nemiga,Unicorns of Love,Nuke,16,14,1,1,9,6,7,8,5150,2339324,53,78,16,14,1
2020-02-10,pro100,Espada,Train,25,22,1,2,9,6,6,9,5214,2339301,31,68,2,0,1
2020-02-10,Rap Gang,Divine,Inferno,6,16,2,2,1,6,5,10,5176,2339343,157,103,1,2,2
2020-02-10,Rap Gang,Divine,Overpass,16,12,1,2,10,3,6,9,5176,2339343,157,103,1,2,2
2020-02-10,Rap Gang,Divine,Dust2,8,16,2,2,2,7,6,9,5176,2339343,157,103,1,2,2
2020-02-10,ORDER,TRIDENT,Train,16,11,1,1,10,5,6,6,5152,2339151,56,162,16,11,1
2020-02-10,Revolt,Se7en,Inferno,16,10,1,2,6,5,10,5,5116,2339415,127,139,16,10,1
2020-02-10,pro100,Espada,Mirage,16,12,1,1,5,10,11,2,5214,2339301,31,68,2,0,1
2020-02-10,HAVU,Demolition Crew,Dust2,16,10,1,2,9,2,7,8,5150,2339319,36,48,16,10,1
2020-02-10,Spirit,Gambit Youngsters,Dust2,16,14,1,2,4,11,12,3,5214,2339354,26,39,2,1,1
2020-02-10,Spirit,Gambit Youngsters,Mirage,16,4,1,2,3,2,13,2,5214,2339354,26,39,2,1,1
2020-02-10,Spirit,Gambit Youngsters,Overpass,12,16,2,1,4,11,8,5,5214,2339354,26,39,2,1,1
2020-02-09,fakemaquinas,GamerLegion,Inferno,19,17,1,2,10,5,5,10,5133,2339333,82,43,19,17,1
2020-02-09,Apeks,SMASH,Mirage,19,16,1,1,7,8,8,7,5133,2339332,88,170,19,16,1
2020-02-09,Divine,Infinity,Dust2,16,6,1,2,7,0,9,6,5176,2339340,103,114,16,6,1
2020-02-09,Mythic,Faint,Mirage,16,14,1,1,7,8,9,6,5176,2339341,93,158,16,14,1
2020-02-09,Skyfire,Incept,Overpass,16,8,1,1,9,6,7,2,5189,2339347,109,204,16,8,1
2020-02-09,DivisionX,SHIFT,Inferno,14,16,2,2,8,7,6,9,5204,2339346,194,116,0,2,2
2020-02-09,FURY,madlikewizards,Inferno,3,16,2,2,1,3,2,13,5189,2339348,168,112,3,16,2
2020-02-09,MC,Paradox,Mirage,14,16,2,2,5,10,9,6,5189,2339349,150,148,14,16,2
2020-02-09,Skyfire,Paradox,Overpass,16,11,1,2,5,7,11,4,5189,2339351,109,148,2,0,1
2020-02-09,Skyfire,Paradox,Vertigo,16,11,1,1,6,9,10,2,5189,2339351,109,148,2,0,1
2020-02-09,DivisionX,SHIFT,Train,8,16,2,1,5,10,3,6,5204,2339346,194,116,0,2,2
2020-02-09,Lyngby Vikings,Apeks,Nuke,11,16,2,1,11,4,0,12,5133,2339335,164,88,11,16,2
2020-02-09,EXTREMUM,Unique,Inferno,11,16,2,1,6,9,5,7,5214,2339300,102,134,0,2,2
2020-02-09,Complexity,Natus Vincere,Mirage,9,16,2,2,5,5,4,11,5138,2339103,44,8,0,2,2
2020-02-09,EXTREMUM,Unique,Nuke,11,16,2,1,7,8,4,8,5214,2339300,102,134,0,2,2
2020-02-09,Apeks,Pompa,Overpass,22,19,1,2,7,8,8,7,5133,2339369,88,129,2,1,1
2020-02-09,Apeks,Pompa,Mirage,16,10,1,1,8,7,8,3,5133,2339369,88,129,2,1,1
2020-02-09,Complexity,Natus Vincere,Train,10,16,2,1,5,10,5,6,5138,2339103,44,8,0,2,2
2020-02-09,Apeks,Pompa,Vertigo,16,19,2,1,7,8,8,7,5133,2339369,88,129,2,1,1
2020-02-09,AGO,Pompa,Train,20,22,2,2,9,6,6,9,5133,2339334,38,129,20,22,2
2020-02-09,Natus Vincere,Vitality,Inferno,16,12,1,1,11,4,5,8,5138,2339102,8,6,2,0,1
2020-02-09,Natus Vincere,Vitality,Dust2,16,6,1,2,6,1,10,5,5138,2339102,8,6,2,0,1
2020-02-09,KOVA,SKADE,Train,16,13,1,1,8,7,8,6,5133,2339336,77,42,16,13,1
2020-02-08,Gambit Youngsters,SG.pro,Dust2,19,16,1,1,9,6,6,9,5214,2339299,39,231,2,0,1
2020-02-08,DivisionX,SHIFT,Inferno,16,11,1,2,7,5,9,6,5204,2339231,194,116,2,0,1
2020-02-08,DivisionX,SHIFT,Vertigo,16,5,1,1,11,4,5,1,5204,2339231,194,116,2,0,1
2020-02-08,madlikewizards,MC,Dust2,5,16,2,2,2,4,3,12,5188,2339310,112,150,5,16,2
2020-02-08,Paradox,Airborne,Dust2,16,12,1,1,6,9,10,3,5188,2339309,148,140,16,12,1
2020-02-08,Ground Zero,Formidable,Dust2,16,4,1,1,11,4,5,0,5188,2339311,87,186,16,4,1
2020-02-08,Ground Zero,Paradox,Inferno,16,14,1,2,9,6,7,8,5188,2339313,87,148,2,1,1
2020-02-08,Ground Zero,Paradox,Mirage,16,14,1,2,9,6,7,8,5188,2339313,87,148,2,1,1
2020-02-08,Ground Zero,Paradox,Train,4,16,2,1,4,11,0,5,5188,2339313,87,148,2,1,1
2020-02-08,Natus Vincere,Astralis,Train,6,16,2,2,1,6,5,10,5138,2339100,8,1,2,1,1
2020-02-08,Gambit Youngsters,SG.pro,Train,16,7,1,2,5,3,11,4,5214,2339299,39,231,2,0,1
2020-02-08,Natus Vincere,Astralis,Inferno,16,14,1,2,10,5,6,9,5138,2339100,8,1,2,1,1
2020-02-08,Natus Vincere,Astralis,Nuke,16,9,1,1,10,5,6,4,5138,2339100,8,1,2,1,1
2020-02-08,Vitality,Complexity,Inferno,5,16,2,2,1,5,4,11,5138,2339101,6,44,0,2,2
2020-02-08,Vitality,Complexity,Mirage,10,16,2,1,6,9,4,7,5138,2339101,6,44,0,2,2
2020-02-08,Lyngby Vikings,Secret,Nuke,16,11,1,1,8,7,8,4,5133,2339326,164,81,16,11,1
2020-02-08,KOVA,Japaleno,Dust2,16,14,1,1,7,8,9,6,5133,2339325,77,146,16,14,1
2020-02-08,sAw,AGO,Dust2,8,16,2,1,5,10,3,6,5133,2339327,90,38,8,16,2
2020-02-08,SKADE,Demolition Crew,Inferno,16,12,1,2,4,9,12,3,5133,2339329,42,48,16,12,1
2020-02-07,Natus Vincere,Vitality,Dust2,9,16,2,2,2,8,7,8,5138,2339098,8,6,0,2,2
2020-02-07,Na`Vi Junior,Copenhagen Flames,Inferno,12,16,2,1,5,10,7,6,5170,2339308,85,40,0,2,2
2020-02-07,Movistar Riders,GamerLegion,Mirage,13,16,2,1,6,9,7,7,5150,2339260,32,43,13,16,2
2020-02-07,Na`Vi Junior,Copenhagen Flames,Vertigo,4,16,2,2,0,5,4,11,5170,2339308,85,40,0,2,2
2020-02-07,Natus Vincere,Vitality,Inferno,12,16,2,1,7,8,5,8,5138,2339098,8,6,0,2,2
2020-02-07,Astralis,Complexity,Dust2,11,16,2,1,6,9,5,7,5138,2339099,1,44,0,2,2
2020-02-07,Astralis,Complexity,Vertigo,12,16,2,1,9,6,3,10,5138,2339099,1,44,0,2,2
2020-02-07,AGO,Unicorns of Love,Vertigo,19,22,2,1,6,9,9,6,5150,2339261,38,78,19,22,2
2020-02-06,GamerLegion,Demolition Crew,Dust2,16,12,1,1,10,5,6,7,5150,2339258,43,48,16,12,1
2020-02-06,Formidable,TRIDENT,Dust2,11,16,2,2,2,10,9,6,5152,2339294,186,162,11,16,2
2020-02-06,mousesports,Natus Vincere,Dust2,16,14,1,1,5,10,11,4,5147,2339164,2,8,3,1,1
2020-02-06,Ground Zero,TRIDENT,Dust2,17,19,2,1,5,10,10,5,5152,2339290,87,162,17,19,2
2020-02-06,ORDER,MC,Nuke,16,13,1,1,10,5,6,8,5152,2339293,56,150,16,13,1
2020-02-06,madlikewizards,Airborne,Inferno,19,17,1,1,6,9,9,6,5152,2339292,112,140,19,17,1
2020-02-06,Nemiga,Singularity,Nuke,9,16,2,1,7,8,2,8,5150,2339259,50,72,9,16,2
2020-02-06,Movistar Riders,Unicorns of Love,Nuke,16,4,1,2,5,0,11,4,5150,2339257,32,78,16,4,1
2020-02-06,mousesports,Natus Vincere,Nuke,16,9,1,1,10,5,6,4,5147,2339164,2,8,3,1,1
2020-02-06,mousesports,Natus Vincere,Train,11,16,2,2,5,7,6,9,5147,2339164,2,8,3,1,1
2020-02-06,mousesports,Natus Vincere,Inferno,16,8,1,2,7,2,9,6,5147,2339164,2,8,3,1,1
2020-02-05,RBG,Station7,Overpass,20,22,2,2,8,7,7,8,5175,2339280,118,160,20,22,2
2020-02-05,Airborne,Formidable,Dust2,16,14,1,1,8,7,8,7,5152,2339234,140,186,16,14,1
2020-02-05,FURY,Esper,Train,16,10,1,2,6,5,10,5,5152,2339235,168,226,16,10,1
2020-02-05,PC419,AVANT,Dust2,9,16,2,2,5,5,4,11,5152,2339233,165,92,9,16,2
2020-02-05,ORDER,Skyfire,Inferno,16,5,1,1,12,3,4,2,5152,2339236,56,109,16,5,1
2020-02-05,Divine,Station7,Mirage,16,7,1,1,9,6,7,1,5175,2339285,103,160,16,7,1
2020-02-05,LiViD,Mythic,Train,16,7,1,2,7,1,9,6,5175,2339287,135,93,16,7,1
2020-02-05,ad hoc,Juggernauts,Nuke,6,16,2,2,0,7,6,9,5132,2339266,117,52,6,16,2
2020-02-05,Big Frames,Mythic,Mirage,7,16,2,2,1,7,6,9,5175,2339282,210,93,7,16,2
2020-02-05,Faint,LiViD,Nuke,13,16,2,2,7,7,6,9,5175,2339278,158,135,13,16,2
2020-02-05,AGO,HAVU,Dust2,22,20,1,2,7,8,8,7,5132,2339271,38,36,22,20,1
2020-02-05,FATE,Nordavind,Inferno,8,16,2,1,6,9,2,7,5132,2339269,54,76,8,16,2
2020-02-05,Secret,Sprout,Inferno,10,16,2,2,4,7,6,9,5132,2339268,81,37,10,16,2
2020-02-05,MC,AVANT,Dust2,14,16,2,2,9,6,5,10,5152,2339237,150,92,14,16,2
2020-02-05,PC419,ROCK CANDY,Mirage,16,13,1,2,8,6,8,7,5152,2339256,165,173,16,13,1
2020-02-05,Divine,Russian Street Party,Overpass,16,4,1,1,12,3,4,1,5175,2339281,103,174,16,4,1
2020-02-05,mousesports,MAD Lions,Nuke,16,12,1,1,9,6,7,6,5147,2339162,2,16,2,1,1
2020-02-05,AGO,Sprout,Inferno,10,16,2,2,2,9,8,7,5132,2339296,38,37,0,2,2
2020-02-05,mousesports,MAD Lions,Dust2,16,4,1,1,11,4,5,0,5147,2339162,2,16,2,1,1
2020-02-05,AGO,Sprout,Mirage,14,16,2,1,6,9,8,7,5132,2339296,38,37,0,2,2
2020-02-05,Nordavind,PACT,Vertigo,11,16,2,1,6,9,5,7,5132,2339295,76,66,2,1,1
2020-02-05,Nordavind,PACT,Overpass,16,9,1,1,8,7,8,2,5132,2339295,76,66,2,1,1
2020-02-05,Nordavind,PACT,Nuke,16,8,1,1,10,5,6,3,5132,2339295,76,66,2,1,1
2020-02-05,AVEZ,Sprout,Inferno,12,16,2,2,4,9,8,7,5132,2339272,58,37,12,16,2
2020-02-05,Juggernauts,AGO,Train,11,16,2,2,4,8,7,8,5132,2339273,52,38,11,16,2
2020-02-05,Copenhagen Flames,PACT,Train,14,16,2,2,4,11,10,5,5132,2339270,40,66,14,16,2
2020-02-05,EXTREMUM,Hard Legion,Mirage,8,16,2,2,3,6,5,10,5169,2339166,102,41,0,2,2
2020-02-05,EXTREMUM,Hard Legion,Inferno,13,16,2,2,4,10,9,6,5169,2339166,102,41,0,2,2
2020-02-05,ex-Virtus.pro,Nordavind,Nuke,8,16,2,1,6,9,2,7,5132,2339274,29,76,8,16,2
2020-02-05,Natus Vincere,GODSENT,Overpass,16,7,1,1,10,5,6,2,5147,2339163,8,24,2,0,1
2020-02-05,Natus Vincere,GODSENT,Train,16,13,1,1,9,6,7,7,5147,2339163,8,24,2,0,1
2020-02-05,mousesports,MAD Lions,Vertigo,13,16,2,1,7,8,6,8,5147,2339162,2,16,2,1,1
2020-02-04,PC419,Paradox,Dust2,16,19,2,1,9,6,6,9,5152,2339229,165,148,16,19,2
2020-02-04,Imperial,paiN,Inferno,11,16,2,1,7,8,4,8,5171,2339227,113,83,0,2,2
2020-02-04,Imperial,paiN,Train,11,16,2,2,5,7,6,9,5171,2339227,113,83,0,2,2
2020-02-04,Rugratz,Asuna's Anime Aimers,Nuke,16,5,1,1,12,3,4,2,5151,2339208,71,143,16,5,1
2020-02-04,Skyfire,madlikewizards,Inferno,6,16,2,1,4,11,2,5,5152,2339230,109,112,6,16,2
2020-02-04,AVANT,Incept,Mirage,10,16,2,2,6,5,4,11,5152,2339209,92,204,10,16,2
2020-02-04,OG,MAD Lions,Train,12,16,2,2,6,7,6,9,5147,2339160,25,16,0,2,2
2020-02-04,Virtus.pro,GODSENT,Vertigo,13,16,2,2,4,10,9,6,5147,2339161,17,24,0,2,2
2020-02-04,Virtus.pro,GODSENT,Dust2,9,16,2,1,7,8,2,8,5147,2339161,17,24,0,2,2
2020-02-04,PACT,Complexity,Inferno,16,10,1,2,7,4,9,6,5132,2339263,66,44,16,10,1
2020-02-04,AVEZ,AGF,Train,16,9,1,2,7,3,9,6,5132,2339265,58,97,16,9,1
2020-02-04,Copenhagen Flames,FiveG,Inferno,16,7,1,2,7,1,9,6,5132,2339264,40,171,16,7,1
2020-02-04,OG,MAD Lions,Nuke,12,16,2,1,9,6,3,10,5147,2339160,25,16,0,2,2
2020-02-03,Unique,Nemiga,Inferno,6,16,2,2,4,3,2,13,5114,2339221,141,54,0,2,2
2020-02-03,TeamOne,Imperial,Overpass,11,16,2,1,6,9,5,7,5171,2339223,117,158,11,16,2
2020-02-03,Keyd,W7M,Nuke,16,19,2,2,6,9,9,6,5171,2339222,198,139,16,19,2
2020-02-03,Wisla Krakow,GamerLegion,Nuke,16,10,1,2,7,4,9,6,5150,2339213,56,46,16,10,1
2020-02-03,Wisla Krakow,Illuminar,Nuke,4,16,2,2,2,3,2,13,5150,2339214,56,34,4,16,2
2020-02-03,Unique,Nemiga,Nuke,11,16,2,2,7,5,4,11,5114,2339221,141,54,0,2,2
2020-02-03,Unicorns of Love,Demolition Crew,Inferno,5,16,2,1,4,11,1,5,5150,2339215,70,262,5,16,2
2020-02-03,Alma,paiN,Inferno,8,16,2,2,2,7,6,9,5171,2339224,189,83,8,16,2
2020-02-03,W7M,RED Canids,Nuke,16,1,1,1,14,1,2,0,5171,2339226,131,147,2,1,1
2020-02-03,W7M,RED Canids,Train,7,16,2,2,1,7,6,9,5171,2339226,131,147,2,1,1
2020-02-03,W7M,RED Canids,Dust2,16,9,1,1,8,7,8,2,5171,2339226,131,147,2,1,1
2020-02-02,OG,Natus Vincere,Dust2,6,16,2,2,4,3,2,13,5147,2339157,24,9,0,2,2
2020-02-02,Rugratz,Infinity,Inferno,16,6,1,1,13,2,3,4,5174,2339186,99,160,2,0,1
2020-02-02,FURY,ex-Genuine,Inferno,5,16,2,1,4,11,1,5,5152,2339150,181,81,5,16,2
2020-02-02,Virtus.pro,mousesports,Train,14,16,2,1,7,8,7,8,5147,2339156,19,2,0,2,2
2020-02-02,Virtus.pro,mousesports,Vertigo,9,16,2,2,3,7,6,9,5147,2339156,19,2,0,2,2
2020-02-02,Vexed,Sinners,Mirage,7,16,2,2,2,6,5,10,5203,2339206,138,76,1,2,2
2020-02-02,Vexed,Sinners,Nuke,8,16,2,2,5,4,3,12,5203,2339206,138,76,1,2,2
2020-02-02,Vexed,Sinners,Overpass,22,18,1,1,7,8,8,7,5203,2339206,138,76,1,2,2
2020-02-02,OG,Natus Vincere,Mirage,8,16,2,2,3,6,5,10,5147,2339157,24,9,0,2,2
2020-02-02,Rugratz,Infinity,Nuke,16,3,1,2,2,2,14,1,5174,2339186,99,160,2,0,1
2020-02-02,Heroic,MAD Lions,Nuke,7,16,2,1,4,11,3,5,5147,2339158,14,16,0,2,2
2020-02-02,FaZe,Liquid,Dust2,16,2,1,2,3,0,13,2,5138,2339097,8,3,2,0,1
2020-02-02,SG.pro,Nemiga,Vertigo,1,16,2,1,1,14,0,2,5114,2339219,252,54,1,16,2
2020-02-02,Heroic,MAD Lions,Mirage,13,16,2,2,4,10,9,6,5147,2339158,14,16,0,2,2
2020-02-02,Unique,Se7en,Train,16,13,1,1,11,4,5,9,5114,2339216,141,100,16,13,1
2020-02-02,FaZe,Liquid,Mirage,16,9,1,1,9,6,7,3,5138,2339097,8,3,2,0,1
2020-02-02,Espada,DreamEaters,Inferno,16,11,1,2,8,4,8,7,5114,2339218,80,156,16,11,1
2020-02-02,ENCE,GODSENT,Nuke,7,16,2,2,4,4,3,12,5147,2339159,12,25,0,2,2
2020-02-02,ENCE,GODSENT,Inferno,4,16,2,1,1,14,3,2,5147,2339159,12,25,0,2,2
2020-02-02,NiP,Liquid,Vertigo,10,16,2,2,4,7,6,9,5138,2339096,11,3,0,2,2
2020-02-02,NiP,Liquid,Mirage,17,19,2,1,5,10,10,5,5138,2339096,11,3,0,2,2
2020-02-01,OneThree,Invictus,Inferno,16,2,1,2,3,0,13,2,5184,2339187,110,84,2,1,1
2020-02-01,Heroic,Virtus.pro,Vertigo,14,16,2,2,7,8,7,8,5147,2339153,14,19,0,2,2
2020-02-01,Vexed,SILENT,Dust2,16,4,1,2,5,0,11,4,5203,2339199,138,240,2,0,1
2020-02-01,Vexed,SILENT,Train,16,12,1,2,10,3,6,9,5203,2339199,138,240,2,0,1
2020-02-01,Brute,ttc,Dust2,16,8,1,2,5,4,11,4,5203,2339195,109,191,2,0,1
2020-02-01,Brute,ttc,Nuke,16,5,1,1,12,3,4,2,5203,2339195,109,191,2,0,1
2020-02-01,Paper Rex,Astro,Nuke,16,8,1,2,3,6,13,2,5186,2339190,116,161,2,0,1
2020-02-01,Paper Rex,Astro,Dust2,16,6,1,2,4,3,12,3,5186,2339190,116,161,2,0,1
2020-02-01,Station7,Faint,Nuke,1,16,2,2,0,2,1,14,5174,2339181,151,229,1,16,2
2020-02-01,OneThree,Invictus,Train,12,16,2,1,5,10,7,6,5184,2339187,110,84,2,1,1
2020-02-01,OneThree,Invictus,Mirage,16,8,1,2,8,1,8,7,5184,2339187,110,84,2,1,1
2020-02-01,OG,ENCE,Train,19,17,1,1,9,6,6,9,5147,2339152,24,12,2,0,1
2020-02-01,OG,ENCE,Overpass,16,7,1,1,9,6,7,1,5147,2339152,24,12,2,0,1
2020-02-01,Rugratz,ex-iNTACT,Nuke,16,3,1,1,12,3,4,0,5174,2339182,99,150,16,3,1
2020-02-01,AGO,Sprout,Mirage,8,16,2,1,5,10,3,6,5131,2339178,38,39,8,16,2
2020-02-01,Secret,Lyngby Vikings,Inferno,22,20,1,2,8,7,7,8,5131,2339174,90,176,22,20,1
2020-02-01,Japaleno,Sprout,Mirage,7,16,2,1,4,11,3,5,5131,2339175,136,39,7,16,2
2020-02-01,Heroic,Virtus.pro,Overpass,8,16,2,1,8,7,0,9,5147,2339153,14,19,0,2,2
2020-02-01,Prima,Vexed,Inferno,6,16,2,2,3,4,3,12,5203,2339201,203,138,0,2,2
2020-02-01,mousesports,MAD Lions,Dust2,16,11,1,1,7,8,9,3,5147,2339154,2,16,2,0,1
2020-02-01,Complexity,SKADE,Dust2,16,12,1,2,7,6,9,6,5131,2339179,47,43,16,12,1
2020-02-01,BIG,Complexity,Mirage,10,16,2,2,4,7,6,9,5131,2339207,22,47,2,1,1
2020-02-01,BIG,Complexity,Inferno,16,7,1,2,7,1,9,6,5131,2339207,22,47,2,1,1
2020-02-01,BIG,Complexity,Dust2,16,9,1,1,9,6,7,3,5131,2339207,22,47,2,1,1
2020-02-01,FaZe,Liquid,Dust2,16,12,1,2,6,7,10,5,5138,2339095,8,3,2,0,1
2020-02-01,FaZe,Liquid,Inferno,16,5,1,1,11,4,5,1,5138,2339095,8,3,2,0,1
2020-02-01,Natus Vincere,GODSENT,Nuke,16,7,1,2,7,1,9,6,5147,2339155,9,25,2,1,1
2020-02-01,Natus Vincere,GODSENT,Dust2,12,16,2,1,6,9,6,7,5147,2339155,9,25,2,1,1
2020-02-01,mousesports,MAD Lions,Mirage,19,15,1,2,7,8,8,7,5147,2339154,2,16,2,0,1
2020-02-01,Natus Vincere,GODSENT,Train,16,13,1,2,10,4,6,9,5147,2339155,9,25,2,1,1
2020-02-01,BIG,Secret,Nuke,16,9,1,1,6,9,10,0,5131,2339180,22,90,16,9,1
2020-02-01,NiP,MIBR,Train,9,16,2,1,4,11,5,5,5138,2339094,11,15,2,1,1
2020-02-01,NiP,MIBR,Vertigo,16,12,1,1,8,7,8,5,5138,2339094,11,15,2,1,1
2020-02-01,NiP,MIBR,Inferno,16,9,1,1,9,6,7,3,5138,2339094,11,15,2,1,1
2020-02-01,Sinners,Brute,Nuke,19,15,1,1,5,10,10,5,5203,2339202,76,109,2,0,1
2020-02-01,Sinners,Brute,Overpass,16,10,1,2,10,1,6,9,5203,2339202,76,109,2,0,1
2020-02-01,Prima,Vexed,Dust2,12,16,2,2,6,7,6,9,5203,2339201,203,138,0,2,2
2020-01-31,FaZe,NiP,Mirage,16,8,1,2,7,2,9,6,5138,2339092,8,11,2,0,1
2020-01-31,FaZe,NiP,Overpass,16,7,1,1,11,4,5,3,5138,2339092,8,11,2,0,1
2020-01-31,Gambit Youngsters,Espada,Mirage,6,16,2,2,2,5,4,11,5169,2339167,40,80,2,1,1
2020-01-31,Gambit Youngsters,Espada,Dust2,16,1,1,2,2,0,14,1,5169,2339167,40,80,2,1,1
2020-01-31,Liquid,MIBR,Vertigo,22,19,1,1,6,9,9,6,5138,2339093,3,15,2,0,1
2020-01-31,Gambit Youngsters,Espada,Inferno,16,12,1,1,8,7,8,5,5169,2339167,40,80,2,1,1
2020-01-31,Apeks,GamerLegion,Nuke,9,16,2,2,8,2,1,14,5131,2339169,86,46,9,16,2
2020-01-31,SJ,AGO,Dust2,6,16,2,1,3,12,3,4,5131,2339170,61,38,6,16,2
2020-01-31,Liquid,MIBR,Inferno,16,9,1,2,5,5,11,4,5138,2339093,3,15,2,0,1
2020-01-31,BIG,FATE,Inferno,16,5,1,2,5,1,11,4,5131,2339171,22,49,16,5,1
2020-01-30,Na`Vi Junior,Skin Ogres,Inferno,16,8,1,1,10,5,6,3,5170,2339168,89,82,2,1,1
2020-01-30,Esper,Airborne,Overpass,12,16,2,1,5,10,7,6,5152,2339149,259,166,12,16,2
2020-01-30,ex-Genuine,MC,Inferno,16,13,1,1,5,10,11,3,5152,2338938,81,175,16,13,1
2020-01-30,MC,Airborne,Inferno,16,12,1,1,4,11,12,1,5152,2339083,175,166,16,12,1
2020-01-30,Na`Vi Junior,Skin Ogres,Overpass,7,16,2,1,5,10,2,6,5170,2339168,89,82,2,1,1
2020-01-30,Na`Vi Junior,Skin Ogres,Dust2,16,3,1,2,3,1,13,2,5170,2339168,89,82,2,1,1
2020-01-30,Copenhagen Flames,DreamEaters,Overpass,16,4,1,2,5,0,11,4,5170,2339165,41,156,2,0,1
2020-01-30,Copenhagen Flames,DreamEaters,Inferno,16,4,1,1,12,3,4,1,5170,2339165,41,156,2,0,1
2020-01-29,Airborne,Incept,Inferno,16,7,1,2,3,5,13,2,5152,2339137,166,212,16,7,1
2020-01-29,ex-Genuine,Formidable,Train,16,1,1,2,2,0,14,1,5152,2339132,81,177,16,1,1
2020-01-29,MC,Skyfire,Mirage,14,16,2,1,7,8,7,8,5152,2339133,175,134,14,16,2
2020-01-29,Paradox,MC,Dust2,13,16,2,2,8,6,5,10,5152,2339081,155,175,13,16,2
2020-01-29,madlikewizards,PC419,Mirage,12,16,2,1,5,10,7,6,5152,2339136,85,178,12,16,2
2020-01-29,ROCK CANDY,Esper,Mirage,16,9,1,2,5,5,11,4,5152,2339134,207,259,16,9,1
2020-01-29,Hard Legion,Espada,Mirage,8,16,2,2,3,6,5,10,5169,2339138,37,80,0,2,2
2020-01-29,Wisla Krakow,Skin Ogres,Inferno,16,10,1,2,5,6,11,4,5170,2339114,56,82,2,0,1
2020-01-29,Wisla Krakow,Skin Ogres,Dust2,16,5,1,1,13,2,3,3,5170,2339114,56,82,2,0,1
2020-01-29,Sprout,Copenhagen Flames,Inferno,12,16,2,1,5,10,7,6,4945,2339118,39,41,1,2,2
2020-01-29,Sprout,Copenhagen Flames,Mirage,16,12,1,2,9,4,7,8,4945,2339118,39,41,1,2,2
2020-01-29,Sprout,Copenhagen Flames,Nuke,13,16,2,1,5,10,8,6,4945,2339118,39,41,1,2,2
2020-01-29,Hard Legion,Espada,Train,18,22,2,2,8,7,7,8,5169,2339138,37,80,0,2,2
2020-01-28,HAVU,Na`Vi Junior,Dust2,14,16,2,1,8,7,6,9,5179,2339125,36,89,2,1,1
2020-01-28,TRIDENT,Paradox,Dust2,8,16,2,2,6,3,2,13,5152,2339131,170,155,8,16,2
2020-01-28,Formidable,MC,Inferno,13,16,2,1,7,8,6,8,5152,2339129,177,175,13,16,2
2020-01-28,HAVU,Na`Vi Junior,Mirage,19,15,1,1,4,11,11,4,5179,2339125,36,89,2,1,1
2020-01-28,ORDER,Incept,Mirage,16,10,1,1,9,6,7,4,5152,2339128,55,212,16,10,1
2020-01-28,HAVU,Na`Vi Junior,Vertigo,16,7,1,1,11,4,5,3,5179,2339125,36,89,2,1,1
2020-01-28,Akatsuki,Espada,Overpass,10,16,2,2,7,4,3,12,5169,2339124,103,80,0,2,2
2020-01-28,Akatsuki,Espada,Nuke,11,16,2,2,3,9,8,7,5169,2339124,103,80,0,2,2
2020-01-28,GamerLegion,HAVU,Nuke,16,11,1,1,10,5,6,6,5179,2339126,46,36,2,1,1
2020-01-28,GamerLegion,HAVU,Overpass,16,12,1,1,9,6,7,6,5179,2339126,46,36,2,1,1
2020-01-28,GamerLegion,HAVU,Train,13,16,2,1,8,7,5,9,5179,2339126,46,36,2,1,1
2020-01-27,Gambit Youngsters,EXTREMUM,Mirage,28,24,1,1,6,9,9,6,5169,2339127,39,109,2,0,1
2020-01-27,Gambit Youngsters,EXTREMUM,Inferno,16,14,1,1,7,8,9,6,5169,2339127,39,109,2,0,1
2020-01-27,Airborne,ORDER,Inferno,10,16,2,1,7,8,3,8,5152,2339122,134,56,10,16,2
2020-01-26,GamerLegion,HAVU,Nuke,16,8,1,1,10,5,6,3,5179,2339116,42,34,2,0,1
2020-01-26,Copenhagen Flames,AGF,Inferno,16,5,1,2,3,3,13,2,5200,2339121,41,106,2,0,1
2020-01-26,Copenhagen Flames,AGF,Train,16,2,1,1,13,2,3,0,5200,2339121,41,106,2,0,1
2020-01-26,MAD Lions,Renegades,Nuke,6,16,2,2,3,4,3,12,4868,2338975,18,24,1,2,2
2020-01-26,MAD Lions,Renegades,Train,16,11,1,2,8,4,8,7,4868,2338975,18,24,1,2,2
2020-01-26,MAD Lions,Renegades,Dust2,11,16,2,1,8,7,3,9,4868,2338975,18,24,1,2,2
2020-01-26,GamerLegion,HAVU,Mirage,16,14,1,2,9,6,7,8,5179,2339116,42,34,2,0,1
2020-01-26,Renegades,BIG,Mirage,5,16,2,1,5,10,0,6,4868,2338977,24,46,0,2,2
2020-01-26,BIG,Heroic,Inferno,16,12,1,2,9,4,7,8,4868,2338976,46,16,2,0,1
2020-01-26,EXTREMUM,DreamEaters,Inferno,16,10,1,1,8,7,8,3,5169,2339087,109,141,2,1,1
2020-01-26,EXTREMUM,DreamEaters,Mirage,12,16,2,1,7,8,5,8,5169,2339087,109,141,2,1,1
2020-01-26,EXTREMUM,DreamEaters,Nuke,16,6,1,1,11,4,5,2,5169,2339087,109,141,2,1,1
2020-01-26,Tricked,Na`Vi Junior,Vertigo,5,16,2,2,1,5,4,11,5179,2339117,72,155,0,2,2
2020-01-26,Tricked,Na`Vi Junior,Train,20,22,2,2,9,6,6,9,5179,2339117,72,155,0,2,2
2020-01-26,Renegades,BIG,Dust2,12,16,2,1,4,11,8,5,4868,2338977,24,46,0,2,2
2020-01-26,BIG,Heroic,Overpass,16,9,1,2,8,2,8,7,4868,2338976,46,16,2,0,1
2020-01-25,Renegades,Cloud9,Dust2,16,12,1,2,4,9,12,3,4868,2338973,24,17,2,0,1
2020-01-25,Virtus.pro,Cloud9,Overpass,4,16,2,1,3,12,1,4,4868,2338971,19,17,0,2,2
2020-01-25,Na`Vi Junior,GamerLegion,Dust2,15,19,2,1,10,5,5,10,5179,2339110,155,42,0,2,2
2020-01-25,Na`Vi Junior,GamerLegion,Overpass,10,16,2,2,4,7,6,9,5179,2339110,155,42,0,2,2
2020-01-25,Sprout,Heroic,Nuke,13,16,2,1,8,7,5,9,4868,2338972,30,16,0,2,2
2020-01-25,Sprout,Heroic,Inferno,6,16,2,2,0,7,6,9,4868,2338972,30,16,0,2,2
2020-01-25,Virtus.pro,Cloud9,Dust2,7,16,2,2,3,5,4,11,4868,2338971,19,17,0,2,2
2020-01-25,Renegades,Cloud9,Inferno,16,7,1,1,8,7,8,0,4868,2338973,24,17,2,0,1
2020-01-25,Copenhagen Flames,AGF,Nuke,8,16,2,2,2,7,6,9,5200,2339115,41,106,2,1,1
2020-01-25,Copenhagen Flames,AGF,Train,16,13,1,1,8,7,8,6,5200,2339115,41,106,2,1,1
2020-01-25,North,Heroic,Train,2,16,2,2,0,3,2,13,4868,2338974,21,16,1,2,2
2020-01-25,North,Heroic,Nuke,16,10,1,1,12,3,4,7,4868,2338974,21,16,1,2,2
2020-01-25,North,Heroic,Overpass,19,22,2,2,7,8,8,7,4868,2338974,21,16,1,2,2
2020-01-25,Copenhagen Flames,AGF,Overpass,16,8,1,1,8,7,8,1,5200,2339115,41,106,2,1,1
2020-01-24,Heroic,MAD Lions,Dust2,10,16,2,1,8,7,2,9,4868,2338968,16,18,10,16,2
2020-01-24,Riot Squad,INTZ,Inferno,11,16,2,2,6,6,5,10,5166,2339075,29,32,0,2,2
2020-01-24,Riot Squad,INTZ,Mirage,14,16,2,1,7,8,7,8,5166,2339075,29,32,0,2,2
2020-01-24,Virtus.pro,BIG,Inferno,8,16,2,1,5,10,3,6,4868,2338965,19,46,8,16,2
2020-01-24,North,Sprout,Dust2,16,4,1,2,5,0,11,4,4868,2338966,21,30,16,4,1
2020-01-24,Cloud9,Renegades,Overpass,10,16,2,2,7,4,3,12,4868,2338967,17,24,10,16,2
2020-01-24,BIG,Renegades,Nuke,16,8,1,2,8,1,8,7,4868,2338969,46,24,16,8,1
2020-01-24,AUGUST,Na`Vi Junior,Mirage,11,16,2,1,6,9,5,7,5179,2339089,114,155,0,2,2
2020-01-24,AUGUST,Na`Vi Junior,Dust2,10,16,2,2,3,8,7,8,5179,2339089,114,155,0,2,2
2020-01-24,Nemiga,Espada,Overpass,14,16,2,1,12,3,2,13,5165,2339091,50,93,0,2,2
2020-01-24,Nemiga,Espada,Nuke,13,16,2,2,5,9,8,7,5165,2339091,50,93,0,2,2
2020-01-24,North,MAD Lions,Mirage,10,16,2,1,7,8,3,8,4868,2338970,21,18,10,16,2
2020-01-23,AUGUST,HAVU,Nuke,6,16,2,2,2,5,4,11,5179,2339084,114,34,1,2,2
2020-01-23,Airborne,FURY,Inferno,13,16,2,2,7,7,6,9,5152,2338931,134,202,13,16,2
2020-01-23,ROCK CANDY,Formidable,Overpass,16,10,1,2,8,3,8,7,5152,2339080,275,169,16,10,1
2020-01-23,ex-Bizarre,ROCK CANDY,Mirage,16,4,1,2,3,2,13,2,5152,2339088,161,275,16,4,1
2020-01-23,TRIDENT,ex-Genuine,Mirage,16,11,1,2,5,7,11,4,5152,2339082,182,84,16,11,1
2020-01-23,AUGUST,HAVU,Train,4,16,2,1,3,12,1,4,5179,2339084,114,34,1,2,2
2020-01-23,AUGUST,HAVU,Inferno,16,7,1,2,5,3,11,4,5179,2339084,114,34,1,2,2
2020-01-23,DreamEaters,Wisla Krakow,Mirage,16,14,1,2,6,9,10,5,5170,2339044,141,59,1,2,2
2020-01-23,DreamEaters,Wisla Krakow,Inferno,5,16,2,1,4,11,1,5,5170,2339044,141,59,1,2,2
2020-01-23,DreamEaters,Wisla Krakow,Dust2,13,16,2,2,6,8,7,8,5170,2339044,141,59,1,2,2
2020-01-23,SKADE,Tricked,Nuke,14,16,2,2,8,7,6,9,5179,2339085,40,72,0,2,2
2020-01-23,SKADE,Tricked,Inferno,14,16,2,1,7,8,7,8,5179,2339085,40,72,0,2,2
2020-01-23,forZe,Copenhagen Flames,Nuke,20,22,2,1,10,5,5,10,4945,2339063,13,41,1,2,2
2020-01-23,forZe,Copenhagen Flames,Inferno,16,14,1,2,7,8,9,6,4945,2339063,13,41,1,2,2
2020-01-23,forZe,Copenhagen Flames,Overpass,13,16,2,1,4,11,9,5,4945,2339063,13,41,1,2,2
2020-01-22,Incept,Ground Zero,Inferno,9,16,2,2,3,7,6,9,5152,2339068,212,142,9,16,2
2020-01-22,SKADE,Nemiga,Nuke,8,16,2,1,5,10,3,6,5165,2339054,40,50,0,2,2
2020-01-22,SKADE,Nemiga,Mirage,8,16,2,2,1,8,7,8,5165,2339054,40,50,0,2,2
2020-01-22,SKADE,ALTERNATE aTTaX,Train,16,3,1,1,13,2,3,1,5179,2339072,40,65,2,0,1
2020-01-22,SKADE,ALTERNATE aTTaX,Inferno,16,11,1,2,11,1,5,10,5179,2339072,40,65,2,0,1
2020-01-22,Ground Zero,Esper,Mirage,16,6,1,1,12,3,4,3,5152,2339066,142,272,16,6,1
2020-01-22,Formidable,madlikewizards,Inferno,3,16,2,1,1,14,2,2,5152,2339079,169,94,3,16,2
2020-01-22,Paradox,madlikewizards,Mirage,9,16,2,2,3,7,6,9,5152,2339058,140,94,9,16,2
2020-01-22,FURY,PC419,Dust2,6,16,2,2,1,6,5,10,5152,2339067,202,194,6,16,2
2020-01-22,Na`Vi Junior,AUGUST,Dust2,14,16,2,1,7,8,7,8,5179,2338984,155,114,1,2,2
2020-01-22,Esper,ex-Genuine,Mirage,4,16,2,1,3,12,1,4,5152,2339065,272,84,4,16,2
2020-01-22,Na`Vi Junior,AUGUST,Mirage,6,16,2,2,2,5,4,11,5179,2338984,155,114,1,2,2
2020-01-22,Na`Vi Junior,AUGUST,Train,16,11,1,2,9,3,7,8,5179,2338984,155,114,1,2,2
2020-01-22,Tricked,GamerLegion,Nuke,4,16,2,2,0,5,4,11,5179,2339071,72,42,1,2,2
2020-01-22,Sprout,HAVU,Nuke,12,16,2,2,4,9,8,7,4945,2338990,30,34,2,1,1
2020-01-22,Sprout,HAVU,Inferno,16,9,1,2,9,1,7,8,4945,2338990,30,34,2,1,1
2020-01-22,Hard Legion,EXTREMUM,Dust2,16,9,1,2,3,7,13,2,5169,2338991,36,109,2,1,1
2020-01-22,Hard Legion,EXTREMUM,Inferno,16,4,1,2,4,1,12,3,5169,2338991,36,109,2,1,1
2020-01-22,Hard Legion,EXTREMUM,Mirage,8,16,2,2,1,8,7,8,5169,2338991,36,109,2,1,1
2020-01-22,Tricked,GamerLegion,Inferno,6,16,2,1,5,10,1,6,5179,2339071,72,42,1,2,2
2020-01-22,Sprout,HAVU,Dust2,19,15,1,1,8,7,7,8,4945,2338990,30,34,2,1,1
2020-01-22,Tricked,GamerLegion,Mirage,16,6,1,1,13,2,3,4,5179,2339071,72,42,1,2,2
2020-01-22,KOVA,Espada,Overpass,10,16,2,1,4,11,6,5,5165,2339077,83,93,1,2,2
2020-01-22,KOVA,Espada,Dust2,16,14,1,1,8,7,8,7,5165,2339077,83,93,1,2,2
2020-01-22,KOVA,Espada,Mirage,8,16,2,2,3,6,5,10,5165,2339077,83,93,1,2,2
2020-01-21,Se7en,HZ,Mirage,16,12,1,1,7,8,9,4,5153,2339062,76,79,1,2,2
2020-01-21,Tricked,SKADE,Nuke,16,12,1,1,8,7,8,5,5179,2338981,72,40,2,1,1
2020-01-21,Se7en,HZ,Dust2,9,16,2,1,6,9,3,7,5153,2339062,76,79,1,2,2
2020-01-21,TRIDENT,ex-Bizarre,Mirage,11,16,2,1,6,9,5,7,5152,2339059,182,161,11,16,2
2020-01-21,Tricked,SKADE,Train,16,14,1,1,6,9,10,5,5179,2338981,72,40,2,1,1
2020-01-21,Se7en,HZ,Inferno,17,19,2,2,9,6,6,9,5153,2339062,76,79,1,2,2
2020-01-21,Tricked,SKADE,Inferno,12,16,2,1,7,8,5,8,5179,2338981,72,40,2,1,1
2020-01-21,GamerLegion,ALTERNATE aTTaX,Overpass,16,7,1,2,4,4,12,3,5179,2338982,42,65,2,0,1
2020-01-21,HellRaisers,Copenhagen Flames,Overpass,16,5,1,1,11,4,5,1,5170,2339042,45,41,2,0,1
2020-01-21,HellRaisers,Copenhagen Flames,Vertigo,16,14,1,2,9,6,7,8,5170,2339042,45,41,2,0,1
2020-01-21,KOVA,Apeks,Nuke,16,14,1,2,8,7,8,7,5165,2338998,83,75,2,0,1
2020-01-21,GamerLegion,ALTERNATE aTTaX,Train,16,7,1,1,10,5,6,2,5179,2338982,42,65,2,0,1
2020-01-21,KOVA,Apeks,Mirage,16,9,1,1,8,7,8,2,5165,2338998,83,75,2,0,1
2020-01-20,Infinity,Supremacy,Train,13,16,2,1,6,9,7,7,5076,2339055,152,233,0,2,2
2020-01-20,Infinity,Supremacy,Inferno,13,16,2,1,6,9,7,7,5076,2339055,152,233,0,2,2
2020-01-20,Paradox,ORDER,Dust2,11,16,2,2,8,4,3,12,5152,2339050,186,69,11,16,2
2020-01-20,forZe,Hard Legion,Train,16,6,1,2,7,0,9,6,4945,2338816,13,34,2,0,1
2020-01-20,forZe,Hard Legion,Inferno,16,12,1,1,8,7,8,5,4945,2338816,13,34,2,0,1
2020-01-19,CR4ZY,SKADE,Train,16,8,1,2,6,3,10,5,5161,2339025,20,43,2,1,1
2020-01-19,Heroic,GODSENT,Nuke,16,8,1,2,7,2,9,6,5161,2339027,16,23,2,1,1
2020-01-19,Heroic,GODSENT,Overpass,16,14,1,2,7,8,9,6,5161,2339027,16,23,2,1,1
2020-01-19,forZe,Winstrike,Dust2,16,9,1,1,9,6,7,3,5161,2339026,13,58,2,1,1
2020-01-19,forZe,Winstrike,Nuke,17,19,2,2,9,6,6,9,5161,2339026,13,58,2,1,1
2020-01-19,forZe,Winstrike,Train,16,14,1,2,13,2,3,12,5161,2339026,13,58,2,1,1
2020-01-19,CR4ZY,SKADE,Inferno,8,16,2,1,5,10,3,6,5161,2339025,20,43,2,1,1
2020-01-19,Formidable,ex-Bizarre,Overpass,5,16,2,2,1,5,4,11,5152,2339022,166,253,5,16,2
2020-01-19,CR4ZY,SKADE,Nuke,19,15,1,2,6,9,9,6,5161,2339025,20,43,2,1,1
2020-01-19,GODSENT,HAVU,Train,16,8,1,2,7,2,9,6,5161,2339024,23,39,2,0,1
2020-01-19,GODSENT,HAVU,Inferno,16,9,1,2,6,4,10,5,5161,2339024,23,39,2,0,1
2020-01-19,Heroic,AVEZ,Train,16,5,1,1,12,3,4,2,5161,2339023,16,59,2,0,1
2020-01-19,CR4ZY,forZe,Inferno,10,16,2,1,6,9,4,7,5161,2339028,20,13,0,2,2
2020-01-19,INTZ,Triumph,Vertigo,16,4,1,2,5,0,11,4,5166,2338993,31,89,2,0,1
2020-01-19,INTZ,Triumph,Dust2,16,9,1,1,10,5,6,4,5166,2338993,31,89,2,0,1
2020-01-19,Heroic,GODSENT,Vertigo,5,16,2,1,3,12,2,4,5161,2339027,16,23,2,1,1
2020-01-19,Heroic,AVEZ,Overpass,16,3,1,2,4,0,12,3,5161,2339023,16,59,2,0,1
2020-01-19,CR4ZY,forZe,Dust2,10,16,2,2,4,7,6,9,5161,2339028,20,13,0,2,2
2020-01-19,Gen.G,Chaos,Mirage,9,16,2,2,1,9,8,7,5163,2339039,45,52,2,1,1
2020-01-19,eUnited,Complexity,Overpass,13,16,2,2,4,10,9,6,5163,2339040,40,53,0,2,2
2020-01-19,Riot Squad,Gen.G,Dust2,6,16,2,2,2,5,4,11,5163,2339041,33,45,0,2,2
2020-01-19,eUnited,Complexity,Mirage,6,16,2,1,5,10,1,6,5163,2339040,40,53,0,2,2
2020-01-19,Complexity,INTZ,Train,16,11,1,1,9,6,7,5,5163,2339037,53,31,2,1,1
2020-01-19,Complexity,INTZ,Overpass,10,16,2,2,3,8,7,8,5163,2339037,53,31,2,1,1
2020-01-19,Complexity,INTZ,Mirage,16,10,1,1,11,4,5,6,5163,2339037,53,31,2,1,1
2020-01-19,Gen.G,Chaos,Train,16,8,1,1,10,5,6,3,5163,2339039,45,52,2,1,1
2020-01-19,Riot Squad,Gen.G,Train,12,16,2,1,9,6,3,10,5163,2339041,33,45,0,2,2
2020-01-19,Gen.G,Chaos,Inferno,16,5,1,1,10,5,6,0,5163,2339039,45,52,2,1,1
2020-01-19,eUnited,Triumph,Overpass,16,14,1,2,6,9,10,5,5163,2339036,40,89,2,0,1
2020-01-19,Heroic,forZe,Inferno,9,16,2,1,6,9,3,7,5161,2339029,16,13,0,2,2
2020-01-19,Espada,BIG Academy,Mirage,8,16,2,1,6,9,2,7,5165,2338985,102,111,2,1,1
2020-01-19,Espada,BIG Academy,Dust2,16,4,1,2,4,1,12,3,5165,2338985,102,111,2,1,1
2020-01-19,eUnited,Triumph,Mirage,16,7,1,1,13,2,3,5,5163,2339036,40,89,2,0,1
2020-01-19,Heroic,forZe,Nuke,4,16,2,2,0,5,4,11,5161,2339029,16,13,0,2,2
2020-01-19,Espada,BIG Academy,Inferno,16,7,1,1,8,7,8,0,5165,2338985,102,111,2,1,1
2020-01-18,HAVU,Spirit,Mirage,16,6,1,1,9,6,7,0,5160,2339015,39,24,2,1,1
2020-01-18,MELBET,HAVU,Nuke,13,16,2,1,7,8,6,8,5160,2339008,71,39,13,16,2
2020-01-18,AVEZ,Movistar Riders,Nuke,16,8,1,1,10,5,6,3,5160,2339009,59,30,16,8,1
2020-01-18,BIG,x6tence,Inferno,16,9,1,2,5,5,11,4,5160,2339007,46,85,16,9,1
2020-01-18,S2V,Spirit,Nuke,14,16,2,1,6,9,8,7,5160,2339012,158,24,14,16,2
2020-01-18,Gambit Youngsters,SKADE,Train,12,16,2,1,7,8,5,8,5160,2339011,38,43,12,16,2
2020-01-18,Illuminar,Winstrike,Overpass,12,16,2,2,4,9,8,7,5160,2339013,29,58,12,16,2
2020-01-18,pro100,Winstrike,Train,12,16,2,2,7,6,5,10,5160,2339016,37,58,0,2,2
2020-01-18,pro100,Winstrike,Dust2,14,16,2,1,7,8,7,8,5160,2339016,37,58,0,2,2
2020-01-18,HAVU,Spirit,Dust2,16,8,1,1,9,6,7,2,5160,2339015,39,24,2,1,1
2020-01-18,HAVU,Spirit,Nuke,7,16,2,2,1,7,6,9,5160,2339015,39,24,2,1,1
2020-01-18,AVEZ,BIG,Nuke,16,7,1,2,7,1,9,6,5160,2339019,59,46,2,1,1
2020-01-18,AVEZ,BIG,Dust2,16,12,1,1,8,7,8,5,5160,2339019,59,46,2,1,1
2020-01-18,AVEZ,BIG,Vertigo,16,19,2,1,4,11,11,4,5160,2339019,59,46,2,1,1
2020-01-18,INTZ,Oceanus,Vertigo,16,2,1,1,13,2,3,0,5162,2339030,31,112,2,0,1
2020-01-18,INTZ,Oceanus,Mirage,16,5,1,1,13,2,3,3,5162,2339030,31,112,2,0,1
2020-01-18,Riot Squad,Saskatoon Warriors,Dust2,16,6,1,2,5,2,11,4,5162,2339031,33,251,2,0,1
2020-01-18,Riot Squad,Saskatoon Warriors,Overpass,16,5,1,1,12,3,4,2,5162,2339031,33,251,2,0,1
2020-01-18,New England Whalers,Chaos,Nuke,12,16,2,2,5,8,7,8,5162,2339033,94,52,1,2,2
2020-01-18,New England Whalers,Chaos,Dust2,16,14,1,1,7,8,9,6,5162,2339033,94,52,1,2,2
2020-01-18,New England Whalers,Chaos,Inferno,11,16,2,2,5,7,6,9,5162,2339033,94,52,1,2,2
2020-01-16,ORDER,ex-Genuine,Nuke,6,16,2,1,4,11,2,5,5002,2338960,69,137,1,2,2
2020-01-16,ORDER,ex-Genuine,Inferno,11,16,2,2,6,6,5,10,5002,2338960,69,137,1,2,2
2020-01-16,ORDER,ex-Genuine,Train,16,14,1,1,8,7,8,7,5002,2338960,69,137,1,2,2
2020-01-16,MC,Incept,Dust2,16,7,1,1,8,7,8,0,5152,2338979,212,207,16,7,1
2020-01-16,PC419,TRIDENT,Mirage,9,16,2,1,5,10,4,6,5152,2338980,221,203,9,16,2
2020-01-16,Wisla Krakow,Nemiga,Inferno,16,13,1,1,9,6,7,7,5170,2338947,61,60,2,0,1
2020-01-16,Wisla Krakow,Nemiga,Mirage,16,12,1,1,8,7,8,5,5170,2338947,61,60,2,0,1
2020-01-15,Paradox,ex-Genuine,Vertigo,16,10,1,1,8,7,8,3,5002,2338958,186,137,1,2,2
2020-01-15,Chaos,New England Whalers,Dust2,16,10,1,2,5,6,11,4,5166,2338899,52,94,2,0,1
2020-01-15,Chaos,New England Whalers,Inferno,16,13,1,1,10,5,6,8,5166,2338899,52,94,2,0,1
2020-01-15,Divine,INTZ,Overpass,4,16,2,2,2,3,2,13,5166,2338902,95,31,0,2,2
2020-01-15,Divine,INTZ,Vertigo,5,16,2,1,4,11,1,5,5166,2338902,95,31,0,2,2
2020-01-15,Renegades,ORDER,Nuke,16,9,1,2,9,1,7,8,5002,2338956,25,69,2,0,1
2020-01-15,Renegades,ORDER,Train,16,14,1,1,9,6,7,8,5002,2338956,25,69,2,0,1
2020-01-15,Paradox,ex-Genuine,Train,5,16,2,2,2,4,3,12,5002,2338958,186,137,1,2,2
2020-01-15,Paradox,ex-Genuine,Mirage,10,16,2,2,3,8,7,8,5002,2338958,186,137,1,2,2
2020-01-15,ex-Genuine,AVANT,Dust2,8,16,2,1,3,12,5,4,5002,2338959,137,142,2,1,1
2020-01-15,AVANT,Airborne,Mirage,16,13,1,1,9,6,7,7,5002,2338957,142,174,2,1,1
2020-01-15,EXTREMUM,DreamEaters,Train,16,8,1,1,12,3,4,5,5169,2338940,109,211,2,0,1
2020-01-15,Illuminar,HAVU,Train,16,19,2,1,8,7,7,8,4945,2338817,29,39,1,2,2
2020-01-15,Illuminar,HAVU,Nuke,14,16,2,1,5,10,9,6,4945,2338817,29,39,1,2,2
2020-01-15,EXTREMUM,DreamEaters,Nuke,16,3,1,2,4,0,12,3,5169,2338940,109,211,2,0,1
2020-01-15,AVANT,Airborne,Dust2,16,12,1,2,7,6,9,6,5002,2338957,142,174,2,1,1
2020-01-15,ex-Genuine,AVANT,Train,16,8,1,2,8,1,8,7,5002,2338959,137,142,2,1,1
2020-01-15,ex-Genuine,AVANT,Inferno,16,6,1,2,4,3,12,3,5002,2338959,137,142,2,1,1
2020-01-15,AVANT,Airborne,Inferno,14,16,2,1,4,11,10,5,5002,2338957,142,174,2,1,1
2020-01-15,Illuminar,HAVU,Overpass,16,13,1,1,7,8,9,5,4945,2338817,29,39,1,2,2
2020-01-14,Renegades,Airborne,Overpass,16,10,1,1,12,3,4,7,5002,2338948,25,174,2,0,1
2020-01-14,ORDER,AVANT,Train,16,7,1,2,6,2,10,5,5002,2338955,69,142,2,0,1
2020-01-14,ex-Genuine,PC419,Vertigo,16,4,1,2,5,0,11,4,5002,2338953,137,221,2,0,1
2020-01-14,ex-Genuine,PC419,Mirage,16,3,1,1,13,2,3,1,5002,2338953,137,221,2,0,1
2020-01-14,Ground Zero,Paradox,Dust2,16,19,2,1,7,8,8,7,5002,2338949,149,186,1,2,2
2020-01-14,Ground Zero,Paradox,Mirage,16,9,1,2,7,3,9,6,5002,2338949,149,186,1,2,2
2020-01-14,Ground Zero,Paradox,Inferno,13,16,2,2,5,9,8,7,5002,2338949,149,186,1,2,2
2020-01-14,PC419,AVANT,Mirage,12,16,2,2,6,7,6,9,5002,2338950,221,142,0,2,2
2020-01-14,Renegades,Airborne,Inferno,16,11,1,2,8,4,8,7,5002,2338948,25,174,2,0,1
2020-01-14,Renegades,Paradox,Inferno,16,9,1,2,5,5,11,4,5002,2338954,25,186,2,0,1
2020-01-14,ORDER,ex-Genuine,Train,16,11,1,1,8,7,8,4,5002,2338951,69,137,2,0,1
2020-01-14,ORDER,ex-Genuine,Inferno,16,6,1,2,2,5,14,1,5002,2338951,69,137,2,0,1
2020-01-14,Rugratz,Riot Squad,Nuke,9,16,2,2,3,7,6,9,5166,2338897,82,33,0,2,2
2020-01-14,Rugratz,Riot Squad,Dust2,10,16,2,1,9,6,1,10,5166,2338897,82,33,0,2,2
2020-01-14,ORDER,AVANT,Dust2,16,5,1,1,10,5,6,0,5002,2338955,69,142,2,0,1
2020-01-14,PC419,AVANT,Train,10,16,2,1,4,11,6,5,5002,2338950,221,142,0,2,2
2020-01-14,Renegades,Paradox,Dust2,16,3,1,1,13,2,3,1,5002,2338954,25,186,2,0,1
2020-01-14,Airborne,Ground Zero,Mirage,16,11,1,1,9,6,7,5,5002,2338952,174,149,2,0,1
2020-01-14,SKADE,Nexus,Mirage,8,16,2,1,5,10,3,6,5165,2338877,43,118,2,1,1
2020-01-14,SKADE,Nexus,Inferno,16,14,1,2,7,8,9,6,5165,2338877,43,118,2,1,1
2020-01-14,KOVA,Juggernauts,Overpass,16,11,1,2,8,4,8,7,5165,2338873,107,51,2,0,1
2020-01-14,KOVA,Juggernauts,Mirage,16,10,1,1,12,3,4,7,5165,2338873,107,51,2,0,1
2020-01-14,Na`Vi Junior,Copenhagen Flames,Overpass,5,16,2,1,5,10,0,6,5170,2338945,96,44,0,2,2
2020-01-14,Na`Vi Junior,Copenhagen Flames,Mirage,6,16,2,2,2,5,4,11,5170,2338945,96,44,0,2,2
2020-01-14,SKADE,Nexus,Overpass,16,13,1,2,10,4,6,9,5165,2338877,43,118,2,1,1
2020-01-14,OFFSET,Espada,Dust2,2,16,2,1,2,13,0,3,5165,2338872,260,102,0,2,2
2020-01-14,OFFSET,Espada,Inferno,13,16,2,2,7,7,6,9,5165,2338872,260,102,0,2,2
2020-01-14,Spirit,GODSENT,Mirage,16,11,1,2,8,4,8,7,4492,2338878,24,23,3,0,1
2020-01-14,Spirit,GODSENT,Inferno,16,6,1,1,12,3,4,3,4492,2338878,24,23,3,0,1
2020-01-14,Spirit,GODSENT,Train,16,13,1,1,8,7,8,6,4492,2338878,24,23,3,0,1
2020-01-14,Copenhagen Flames,ARCY,Overpass,16,10,1,2,7,4,9,6,4945,2338777,44,47,2,0,1
2020-01-14,Copenhagen Flames,ARCY,Vertigo,16,11,1,1,9,6,7,5,4945,2338777,44,47,2,0,1
2020-01-14,Airborne,Ground Zero,Overpass,16,12,1,2,10,3,6,9,5002,2338952,174,149,2,0,1
2020-01-13,Cloud9,eUnited,Inferno,16,10,1,2,7,4,9,6,5159,2338929,18,40,2,0,1
2020-01-13,Cloud9,eUnited,Overpass,19,16,1,1,9,6,6,9,5159,2338929,18,40,2,0,1
2020-01-13,Ground Zero,Paradox,Mirage,16,9,1,2,8,2,8,7,5152,2338932,96,191,16,9,1
2020-01-13,BIG,Sprout,Vertigo,20,22,2,2,9,6,6,9,4945,2338776,46,28,0,2,2
2020-01-13,Defusekids,Nemiga,Dust2,8,16,2,2,2,7,6,9,5165,2338871,64,60,0,2,2
2020-01-13,Defusekids,Nemiga,Nuke,4,16,2,1,4,11,0,5,5165,2338871,64,60,0,2,2
2020-01-13,BIG,Sprout,Dust2,11,16,2,1,5,10,6,6,4945,2338776,46,28,0,2,2
2020-01-12,Heroic,Secret,Mirage,11,16,2,1,8,7,3,9,5157,2338913,16,92,2,1,1
2020-01-12,Heretics,Gambit Youngsters,Overpass,23,25,2,1,8,7,7,8,5157,2338914,52,38,1,2,2
2020-01-12,CR4ZY,Defusekids,Train,16,14,1,1,12,3,4,11,5157,2338916,19,79,1,2,2
2020-01-12,CR4ZY,Defusekids,Inferno,13,16,2,2,6,8,7,8,5157,2338916,19,79,1,2,2
2020-01-12,CR4ZY,Defusekids,Dust2,13,16,2,1,3,12,10,4,5157,2338916,19,79,1,2,2
2020-01-12,MAD Lions,SKADE,Dust2,7,16,2,1,2,13,5,3,5157,2338915,21,42,2,1,1
2020-01-12,MAD Lions,SKADE,Nuke,16,10,1,2,9,2,7,8,5157,2338915,21,42,2,1,1
2020-01-12,MAD Lions,SKADE,Train,16,14,1,1,9,6,7,8,5157,2338915,21,42,2,1,1
2020-01-12,Heroic,Secret,Inferno,16,11,1,1,9,6,7,5,5157,2338913,16,92,2,1,1
2020-01-12,Heroic,Secret,Nuke,16,12,1,2,6,7,10,5,5157,2338913,16,92,2,1,1
2020-01-12,Bren,MiTH.Maple,Overpass,16,10,1,1,11,4,5,6,5155,2338852,63,91,2,0,1
2020-01-12,Bren,MiTH.Maple,Inferno,16,11,1,2,9,3,7,8,5155,2338852,63,91,2,0,1
2020-01-12,MiTH.Maple,GTV.Revolution,Inferno,9,16,2,1,3,12,6,4,5155,2338850,91,206,2,1,1
2020-01-12,MiTH.Maple,GTV.Revolution,Mirage,16,8,1,2,8,1,8,7,5155,2338850,91,206,2,1,1
2020-01-12,MiTH.Maple,GTV.Revolution,Train,16,11,1,2,5,7,11,4,5155,2338850,91,206,2,1,1
2020-01-12,Heretics,Gambit Youngsters,Dust2,16,14,1,1,9,6,7,8,5157,2338914,52,38,1,2,2
2020-01-12,Heretics,Gambit Youngsters,Inferno,14,16,2,2,4,11,10,5,5157,2338914,52,38,1,2,2
2020-01-12,eUnited,Gen.G,Nuke,16,9,1,2,10,0,6,9,5159,2338928,40,50,2,0,1
2020-01-12,MAD Lions,Defusekids,Vertigo,16,12,1,2,7,6,9,6,5157,2338922,21,79,2,0,1
2020-01-12,Redemption POA,paiN,Inferno,14,16,2,1,5,10,9,6,5078,2338918,152,94,0,2,2
2020-01-12,BIG Academy,Tenerife Titans,Nuke,16,10,1,1,9,6,7,4,5165,2338870,240,155,2,0,1
2020-01-12,BIG Academy,Tenerife Titans,Mirage,16,9,1,2,4,6,12,3,5165,2338870,240,155,2,0,1
2020-01-12,eUnited,Gen.G,Mirage,16,8,1,1,9,6,7,2,5159,2338928,40,50,2,0,1
2020-01-12,MAD Lions,Defusekids,Dust2,16,7,1,1,9,6,7,1,5157,2338922,21,79,2,0,1
2020-01-12,RED Canids,W7M,Train,12,16,2,2,7,6,5,10,5078,2338920,164,147,2,1,1
2020-01-12,RED Canids,W7M,Vertigo,16,9,1,1,9,6,7,3,5078,2338920,164,147,2,1,1
2020-01-12,Redemption POA,paiN,Nuke,2,16,2,2,0,3,2,13,5078,2338918,152,94,0,2,2
2020-01-12,RED Canids,W7M,Mirage,16,11,1,2,7,5,9,6,5078,2338920,164,147,2,1,1
2020-01-12,Gen.G,INTZ,Vertigo,16,11,1,1,8,7,8,4,5159,2338925,50,32,2,0,1
2020-01-12,Gen.G,INTZ,Overpass,19,15,1,2,6,9,9,6,5159,2338925,50,32,2,0,1
2020-01-12,eUnited,Chaos,Inferno,16,3,1,1,12,3,4,0,5159,2338926,40,56,2,0,1
2020-01-12,eUnited,Chaos,Vertigo,16,11,1,2,6,6,10,5,5159,2338926,40,56,2,0,1
2020-01-12,Cloud9,Triumph,Dust2,16,10,1,2,6,5,10,5,5159,2338923,18,90,2,0,1
2020-01-12,Cloud9,Triumph,Overpass,16,11,1,2,7,5,9,6,5159,2338923,18,90,2,0,1
2020-01-12,Heroic,Gambit Youngsters,Train,16,11,1,1,10,5,6,6,5157,2338921,16,38,2,0,1
2020-01-12,Heroic,Gambit Youngsters,Overpass,16,10,1,2,8,3,8,7,5157,2338921,16,38,2,0,1
2020-01-11,MiTH.Maple,Entity,Overpass,16,8,1,1,12,3,4,5,5155,2338832,91,126,16,8,1
2020-01-11,GTV.Revolution,Bren,Inferno,5,16,2,2,1,5,4,11,5155,2338846,206,63,5,16,2
2020-01-11,Darkhorse,ex-Genuine,Dust2,10,16,2,1,7,8,3,8,5155,2338843,276,138,10,16,2
2020-01-11,MiTH.Maple,Darkhorse,Overpass,16,8,1,1,7,8,9,0,5155,2338839,91,276,16,8,1
2020-01-11,ex-Genuine,Entity,Train,16,7,1,1,10,5,6,2,5155,2338840,138,126,16,7,1
2020-01-11,Darkhorse,Entity,Dust2,16,13,1,1,10,5,6,8,5155,2338834,276,126,16,13,1
2020-01-11,Tenerife Titans,Defusekids,Inferno,6,16,2,1,6,9,0,7,5156,2338890,155,79,0,2,2
2020-01-11,Winstrike,Na`Vi Junior,Dust2,22,20,1,2,5,10,10,5,5156,2338891,57,103,22,20,1
2020-01-11,AVEZ,Unique,Train,22,18,1,1,7,8,8,7,5156,2338885,58,114,22,18,1
2020-01-11,KOVA,Project X,Nuke,19,17,1,2,11,4,4,11,5156,2338887,196,85,19,17,1
2020-01-11,Gambit Youngsters,Copenhagen Flames,Mirage,16,7,1,2,4,4,12,3,5156,2338889,38,43,16,7,1
2020-01-11,Secret,Juggernauts,Mirage,16,12,1,1,8,7,8,5,5156,2338888,92,51,16,12,1
2020-01-11,MiTH.Maple,ex-Genuine,Vertigo,16,13,1,1,7,8,9,5,5155,2338848,91,138,16,13,1
2020-01-11,Chaos,New England Whalers,Inferno,16,3,1,2,4,0,12,3,5158,2338906,56,88,2,0,1
2020-01-11,Tenerife Titans,Defusekids,Mirage,10,16,2,2,3,8,7,8,5156,2338890,155,79,0,2,2
2020-01-11,SKADE,AVEZ,Nuke,8,16,2,1,7,8,1,8,5156,2338894,42,58,2,1,1
2020-01-11,Gambit Youngsters,Winstrike,Overpass,16,10,1,2,6,5,10,5,5156,2338893,38,57,2,0,1
2020-01-11,Gen.G,Divine,Vertigo,16,9,1,2,9,1,7,8,5158,2338905,50,102,2,0,1
2020-01-11,Chaos,New England Whalers,Nuke,16,4,1,1,13,2,3,2,5158,2338906,56,88,2,0,1
2020-01-11,W7M,Alma,Inferno,16,5,1,2,5,1,11,4,5167,2338912,147,200,2,0,1
2020-01-11,W7M,Alma,Vertigo,16,10,1,1,11,4,5,6,5167,2338912,147,200,2,0,1
2020-01-11,Gen.G,Divine,Mirage,19,16,1,1,8,7,7,8,5158,2338905,50,102,2,0,1
2020-01-11,SKADE,AVEZ,Overpass,16,14,1,2,10,5,6,9,5156,2338894,42,58,2,1,1
2020-01-11,Secret,KOVA,Nuke,16,12,1,1,12,3,4,9,5156,2338892,92,196,2,0,1
2020-01-11,Secret,KOVA,Mirage,25,22,1,2,7,8,8,7,5156,2338892,92,196,2,0,1
2020-01-11,SKADE,AVEZ,Mirage,16,6,1,1,9,6,7,0,5156,2338894,42,58,2,1,1
2020-01-11,Gambit Youngsters,Winstrike,Dust2,16,11,1,1,11,4,5,7,5156,2338893,38,57,2,0,1
2020-01-10,Illuminar,MAD Lions,Overpass,16,10,1,1,11,4,5,6,5110,2338867,30,21,1,2,2
2020-01-10,ENCE,AGO,Dust2,16,5,1,1,10,5,6,0,5110,2338866,12,41,2,1,1
2020-01-10,ENCE,AGO,Mirage,12,16,2,2,7,6,5,10,5110,2338866,12,41,2,1,1
2020-01-10,ENCE,AGO,Inferno,16,1,1,1,14,1,2,0,5110,2338866,12,41,2,1,1
2020-01-10,Illuminar,MAD Lions,Train,17,19,2,2,8,7,7,8,5110,2338867,30,21,1,2,2
2020-01-10,Illuminar,MAD Lions,Nuke,12,16,2,2,6,7,6,9,5110,2338867,30,21,1,2,2
2020-01-10,ENCE,MAD Lions,Mirage,10,16,2,2,4,7,6,9,5110,2338868,12,21,0,2,2
2020-01-10,ENCE,MAD Lions,Overpass,7,16,2,1,6,9,1,7,5110,2338868,12,21,0,2,2
2020-01-10,Apeks,Tenerife Titans,Mirage,2,16,2,1,2,13,0,3,5156,2338884,118,155,2,16,2
2020-01-10,hREDS,Defusekids,Inferno,10,16,2,2,3,8,7,8,5156,2338883,133,79,10,16,2
2020-01-09,Bren,TYLOO,Mirage,5,16,2,1,5,10,0,6,4999,2338813,63,23,0,2,2
2020-01-09,FaZe,ARCY,Dust2,16,12,1,2,5,8,11,4,5110,2338861,8,49,2,0,1
2020-01-09,Heroic,MAD Lions,Train,7,16,2,1,4,11,3,5,5110,2338859,16,21,0,2,2
2020-01-09,Heroic,MAD Lions,Nuke,13,16,2,2,8,6,5,10,5110,2338859,16,21,0,2,2
2020-01-09,Bren,TYLOO,Inferno,5,16,2,2,2,4,3,12,4999,2338813,63,23,0,2,2
2020-01-09,Chaos,MIBR,Inferno,8,16,2,1,3,12,5,4,5104,2338797,56,14,0,2,2
2020-01-09,MIBR,INTZ,Vertigo,16,13,1,2,6,8,10,5,5104,2338798,14,32,2,1,1
2020-01-09,MIBR,INTZ,Mirage,7,16,2,2,3,5,4,11,5104,2338798,14,32,2,1,1
2020-01-09,MIBR,INTZ,Train,16,10,1,2,7,4,9,6,5104,2338798,14,32,2,1,1
2020-01-09,INTZ,Gen.G,Vertigo,16,14,1,2,9,6,7,8,5104,2338796,32,50,2,0,1
2020-01-09,INTZ,Gen.G,Dust2,16,10,1,1,8,7,8,3,5104,2338796,32,50,2,0,1
2020-01-09,Chaos,MIBR,Mirage,5,16,2,2,3,3,2,13,5104,2338797,56,14,0,2,2
2020-01-09,ENCE,Illuminar,Overpass,6,16,2,2,3,4,3,12,5110,2338860,12,30,2,1,1
2020-01-09,ENCE,Illuminar,Train,16,7,1,1,10,5,6,2,5110,2338860,12,30,2,1,1
2020-01-09,FaZe,ARCY,Nuke,16,14,1,1,5,10,11,4,5110,2338861,8,49,2,0,1
2020-01-09,ENCE,Illuminar,Nuke,16,14,1,1,9,6,7,8,5110,2338860,12,30,2,1,1
2020-01-09,Heroic,AGO,Vertigo,5,16,2,2,1,5,4,11,5110,2338864,16,41,1,2,2
2020-01-09,G2,AGO,Vertigo,14,16,2,2,9,6,5,10,5110,2338858,11,41,2,1,1
2020-01-09,MAD Lions,G2,Train,22,20,1,2,9,6,6,9,5110,2338862,21,11,1,2,2
2020-01-09,MAD Lions,G2,Dust2,14,16,2,1,8,7,6,9,5110,2338862,21,11,1,2,2
2020-01-09,MAD Lions,G2,Nuke,13,16,2,1,10,5,3,11,5110,2338862,21,11,1,2,2
2020-01-09,Heroic,AGO,Train,3,16,2,1,3,12,0,4,5110,2338864,16,41,1,2,2
2020-01-09,Heroic,AGO,Nuke,16,10,1,2,5,6,11,4,5110,2338864,16,41,1,2,2
2020-01-09,G2,AGO,Dust2,16,10,1,1,7,8,9,2,5110,2338858,11,41,2,1,1
2020-01-09,FaZe,ENCE,Mirage,16,10,1,1,11,4,5,6,5110,2338863,8,12,2,1,1
2020-01-09,FaZe,ENCE,Nuke,16,12,1,2,8,5,8,7,5110,2338863,8,12,2,1,1
2020-01-09,ARCY,Illuminar,Train,11,16,2,2,6,6,5,10,5110,2338865,49,30,0,2,2
2020-01-09,ARCY,Illuminar,Nuke,12,16,2,1,8,7,4,9,5110,2338865,49,30,0,2,2
2020-01-09,G2,AGO,Mirage,16,12,1,1,11,4,5,8,5110,2338858,11,41,2,1,1
2020-01-09,FaZe,ENCE,Dust2,12,16,2,2,7,6,5,10,5110,2338863,8,12,2,1,1
2020-01-08,MIBR,INTZ,Train,8,16,2,2,3,6,5,10,5104,2338790,14,32,1,2,2
2020-01-08,Riot Squad,MIBR,Mirage,16,13,1,1,7,8,9,5,5104,2338794,31,14,1,2,2
2020-01-08,Riot Squad,MIBR,Train,10,16,2,1,5,10,5,6,5104,2338794,31,14,1,2,2
2020-01-08,Cloud9,INTZ,Vertigo,16,6,1,1,11,4,5,2,5104,2338792,18,32,2,0,1
2020-01-08,Cloud9,INTZ,Inferno,16,7,1,2,5,3,11,4,5104,2338792,18,32,2,0,1
2020-01-08,Gen.G,FURIA,Train,16,13,1,2,12,2,4,11,5104,2338793,50,15,2,0,1
2020-01-08,Gen.G,FURIA,Inferno,16,9,1,1,8,7,8,2,5104,2338793,50,15,2,0,1
2020-01-08,MIBR,INTZ,Mirage,16,4,1,1,12,3,4,1,5104,2338790,14,32,1,2,2
2020-01-08,FURIA,Chaos,Mirage,14,16,2,2,6,9,8,7,5104,2338787,15,56,0,2,2
2020-01-08,MIBR,INTZ,Vertigo,14,16,2,2,10,5,4,11,5104,2338790,14,32,1,2,2
2020-01-08,FURIA,Chaos,Train,14,16,2,1,6,9,8,7,5104,2338787,15,56,0,2,2
2020-01-08,MELBET,Hard Legion,Overpass,15,19,2,1,9,6,6,9,5149,2338824,71,37,15,19,2
2020-01-08,North,Nemiga,Mirage,16,12,1,1,8,7,8,5,5149,2338825,20,54,16,12,1
2020-01-08,Cloud9,Riot Squad,Dust2,16,7,1,1,10,5,6,2,5104,2338789,18,31,2,0,1
2020-01-08,Gambit Youngsters,sAw,Vertigo,16,6,1,2,4,3,12,3,5149,2338823,38,72,16,6,1
2020-01-08,Riot Squad,MIBR,Inferno,12,16,2,2,5,8,7,8,5104,2338794,31,14,1,2,2
2020-01-08,Cloud9,Riot Squad,Overpass,16,4,1,2,4,1,12,3,5104,2338789,18,31,2,0,1
2020-01-08,OneThree,TYLOO,Mirage,12,16,2,1,7,8,5,8,4999,2338811,100,23,0,2,2
2020-01-08,OneThree,TYLOO,Train,8,16,2,2,3,6,5,10,4999,2338811,100,23,0,2,2
2020-01-08,GODSENT,HAVU,Inferno,16,10,1,2,6,5,10,5,4492,2338815,22,33,2,0,1
2020-01-08,R-Stars,AUGUST,Train,16,11,1,1,7,8,9,3,4999,2338810,82,70,2,0,1
2020-01-08,MAD Lions,North,Overpass,16,8,1,2,6,3,10,5,5149,2338855,21,20,2,0,1
2020-01-08,MAD Lions,North,Mirage,16,4,1,1,12,3,4,1,5149,2338855,21,20,2,0,1
2020-01-08,Hard Legion,AGO,Dust2,10,16,2,2,3,8,7,8,5149,2338854,37,41,0,2,2
2020-01-08,Gambit Youngsters,North,Mirage,8,16,2,2,1,8,7,8,5149,2338829,38,20,8,16,2
2020-01-08,MAD Lions,Apeks,Overpass,16,4,1,1,11,4,5,0,5149,2338827,21,118,16,4,1
2020-01-08,AGO,OG,Inferno,16,10,1,2,5,6,11,4,5149,2338826,41,26,16,10,1
2020-01-08,Hard Legion,AGO,Inferno,5,16,2,2,1,5,4,11,5149,2338854,37,41,0,2,2
2020-01-08,GODSENT,HAVU,Train,16,10,1,2,6,5,10,5,4492,2338815,22,33,2,0,1
2020-01-08,TYLOO,R-Stars,Mirage,16,4,1,2,5,0,11,4,4999,2338812,23,82,2,0,1
2020-01-08,ViCi,Bren,Inferno,7,16,2,1,5,10,2,6,4999,2338809,35,63,2,1,1
2020-01-08,ViCi,Bren,Overpass,16,12,1,2,8,5,8,7,4999,2338809,35,63,2,1,1
2020-01-08,ViCi,Bren,Nuke,16,10,1,2,8,3,8,7,4999,2338809,35,63,2,1,1
2020-01-08,R-Stars,AUGUST,Dust2,16,12,1,2,4,9,12,3,4999,2338810,82,70,2,0,1
2020-01-08,TYLOO,R-Stars,Train,16,11,1,1,7,8,9,3,4999,2338812,23,82,2,0,1
2020-01-07,AUGUST,OneThree,Nuke,8,16,2,2,4,5,4,11,4999,2338804,70,100,2,1,1
2020-01-07,TYLOO,Mazaalai,Mirage,16,9,1,1,7,8,9,1,4999,2338801,23,153,2,1,1
2020-01-07,TYLOO,Mazaalai,Inferno,10,16,2,1,7,8,3,8,4999,2338801,23,153,2,1,1
2020-01-07,TYLOO,Mazaalai,Overpass,16,7,1,1,8,7,8,0,4999,2338801,23,153,2,1,1
2020-01-07,AUGUST,OneThree,Inferno,16,11,1,1,7,8,9,3,4999,2338804,70,100,2,1,1
2020-01-07,Bren,R-Stars,Dust2,16,10,1,1,6,9,10,1,4999,2338802,63,82,2,1,1
2020-01-07,AUGUST,OneThree,Dust2,16,8,1,2,8,1,8,7,4999,2338804,70,100,2,1,1
2020-01-07,Bren,R-Stars,Train,19,15,1,1,7,8,8,7,4999,2338802,63,82,2,1,1
2020-01-07,Bren,R-Stars,Inferno,7,16,2,2,5,3,2,13,4999,2338802,63,82,2,1,1
2020-01-07,ViCi,Alpha Red,Mirage,16,10,1,2,4,7,12,3,4999,2338803,35,113,2,0,1
2020-01-07,R-Stars,Mazaalai,Dust2,16,8,1,1,11,4,5,4,4999,2338807,82,153,2,0,1
2020-01-07,R-Stars,Mazaalai,Inferno,16,7,1,1,11,4,5,3,4999,2338807,82,153,2,0,1
2020-01-07,ViCi,Alpha Red,Overpass,16,3,1,1,12,3,4,0,4999,2338803,35,113,2,0,1
2020-01-07,Alpha Red,OneThree,Dust2,14,16,2,1,8,7,6,9,4999,2338808,113,100,1,2,2
2020-01-07,Bren,TYLOO,Inferno,22,18,1,2,7,8,8,7,4999,2338805,63,23,2,1,1
2020-01-07,Apeks,GamerLegion,Mirage,16,12,1,1,7,8,9,4,5149,2338822,118,39,16,12,1
2020-01-07,Alpha Red,OneThree,Inferno,16,13,1,2,10,4,6,9,4999,2338808,113,100,1,2,2
2020-01-07,MAD Lions,Winstrike,Train,16,13,1,1,8,7,8,6,5149,2338820,21,57,16,13,1
2020-01-07,SKADE,OG,Train,13,16,2,1,9,6,4,10,5149,2338819,42,26,13,16,2
2020-01-07,HAVU,ARCY,Nuke,16,6,1,1,10,5,6,1,4492,2338786,33,49,2,0,1
2020-01-07,HAVU,ARCY,Train,16,10,1,2,7,4,9,6,4492,2338786,33,49,2,0,1
2020-01-07,Bren,TYLOO,Mirage,7,16,2,1,4,11,3,5,4999,2338805,63,23,2,1,1
2020-01-07,Bren,TYLOO,Train,16,11,1,2,7,5,9,6,4999,2338805,63,23,2,1,1
2020-01-07,ViCi,AUGUST,Nuke,19,16,1,2,6,9,9,6,4999,2338806,35,70,2,1,1
2020-01-07,ViCi,AUGUST,Train,9,16,2,1,6,9,3,7,4999,2338806,35,70,2,1,1
2020-01-07,ViCi,AUGUST,Inferno,16,10,1,2,7,4,9,6,4999,2338806,35,70,2,1,1
2020-01-07,Alpha Red,OneThree,Mirage,10,16,2,1,5,10,5,6,4999,2338808,113,100,1,2,2
2020-01-05,eUnited,Rap Gang,Overpass,16,12,1,1,6,9,10,3,5148,2338779,41,134,2,0,1
2020-01-05,Rugratz,Monstars,Nuke,16,9,1,1,7,8,9,1,5148,2338780,96,119,2,0,1
2020-01-05,Rugratz,Monstars,Mirage,16,3,1,1,13,2,3,1,5148,2338780,96,119,2,0,1
2020-01-05,Singularity,LiViD,Nuke,19,15,1,1,7,8,8,7,5148,2338782,44,105,2,0,1
2020-01-05,Singularity,LiViD,Train,19,16,1,1,9,6,6,9,5148,2338782,44,105,2,0,1
2020-01-05,eUnited,Rap Gang,Mirage,22,20,1,1,5,10,10,5,5148,2338779,41,134,2,0,1
2020-01-05,Gambit Youngsters,Phoenix,Overpass,11,16,2,2,4,8,7,8,5142,2338767,37,65,0,2,2
2020-01-05,Gambit Youngsters,Phoenix,Mirage,10,16,2,1,5,10,5,6,5142,2338767,37,65,0,2,2
2020-01-05,Heroic,Phoenix,Overpass,16,10,1,1,11,4,5,6,5142,2338778,16,65,3,0,1
2020-01-05,Heroic,Phoenix,Mirage,16,5,1,1,13,2,3,3,5142,2338778,16,65,3,0,1
2020-01-05,Heroic,Phoenix,Vertigo,16,8,1,2,5,4,11,4,5142,2338778,16,65,3,0,1
2020-01-05,Rugratz,Singularity,Mirage,16,12,1,1,5,10,11,2,5148,2338784,96,44,2,1,1
2020-01-05,Rugratz,Singularity,Nuke,19,16,1,1,7,8,8,7,5148,2338784,96,44,2,1,1
2020-01-05,Rugratz,Singularity,Overpass,14,16,2,2,9,6,5,10,5148,2338784,96,44,2,1,1
2020-01-04,Phoenix,Brute,Dust2,16,10,1,2,4,7,12,3,5142,2338766,65,165,2,0,1
2020-01-04,Rugratz,Big Frames,Nuke,16,4,1,2,5,0,11,4,5148,2338770,96,273,2,0,1
2020-01-04,Rugratz,Big Frames,Mirage,16,7,1,1,12,3,4,4,5148,2338770,96,273,2,0,1
2020-01-04,Heroic,SKADE,Inferno,16,13,1,2,7,7,9,6,5142,2338765,16,49,2,0,1
2020-01-04,Heroic,SKADE,Nuke,16,7,1,1,11,4,5,3,5142,2338765,16,49,2,0,1
2020-01-04,FATE,SKADE,Overpass,12,16,2,1,8,7,4,9,5142,2338764,53,49,1,2,2
2020-01-04,Phoenix,Brute,Mirage,16,8,1,1,10,5,6,3,5142,2338766,65,165,2,0,1
2020-01-04,FATE,SKADE,Inferno,16,13,1,2,7,7,9,6,5142,2338764,53,49,1,2,2
2020-01-04,eUnited,RBG,Overpass,16,3,1,1,13,2,3,1,5148,2338768,41,110,2,0,1
2020-01-04,FATE,SKADE,Train,11,16,2,2,5,7,6,9,5142,2338764,53,49,1,2,2
2020-01-04,eUnited,RBG,Train,16,4,1,2,3,2,13,2,5148,2338768,41,110,2,0,1
2020-01-04,Bushido Boyz,Rap Gang,Mirage,4,16,2,2,1,4,3,12,5148,2338775,143,134,1,2,2
2020-01-04,Divine,Oceanus,Train,16,8,1,2,6,3,10,5,5148,2338772,111,135,2,0,1
2020-01-04,Divine,Oceanus,Dust2,16,9,1,1,8,7,8,2,5148,2338772,111,135,2,0,1
2020-01-04,Singularity,Infinity,Mirage,16,12,1,2,9,4,7,8,5148,2338769,44,198,2,0,1
2020-01-04,Singularity,Infinity,Overpass,16,3,1,1,12,3,4,0,5148,2338769,44,198,2,0,1
2020-01-04,Monstars,ex-iNTACT,Inferno,16,10,1,1,8,7,8,3,5148,2338773,119,115,2,0,1
2020-01-04,Monstars,ex-iNTACT,Mirage,16,14,1,2,7,8,9,6,5148,2338773,119,115,2,0,1
2020-01-04,LiViD,Recon 5,Inferno,16,7,1,1,11,4,5,3,5148,2338774,105,97,2,1,1
2020-01-04,LiViD,Recon 5,Nuke,16,11,1,2,7,5,9,6,5148,2338774,105,97,2,1,1
2020-01-04,LiViD,Recon 5,Mirage,13,16,2,2,4,10,9,6,5148,2338774,105,97,2,1,1
2020-01-04,Bushido Boyz,Rap Gang,Overpass,13,16,2,2,5,9,8,7,5148,2338775,143,134,1,2,2
2020-01-04,Bushido Boyz,Rap Gang,Inferno,16,14,1,2,6,9,10,5,5148,2338775,143,134,1,2,2
2020-01-03,Ambush,SKADE,Train,13,16,2,1,8,7,5,9,5142,2338761,87,49,0,2,2
2020-01-03,Ambush,SKADE,Inferno,20,22,2,2,10,5,5,10,5142,2338761,87,49,0,2,2
2020-01-03,Ambush,Brute,Mirage,9,16,2,2,3,7,6,9,5142,2338763,87,165,1,2,2
2020-01-03,Ambush,Brute,Dust2,13,16,2,2,2,12,11,4,5142,2338763,87,165,1,2,2
2020-01-03,Ambush,Brute,Inferno,16,12,1,1,10,5,6,7,5142,2338763,87,165,1,2,2
2020-01-02,Brute,SKADE,Inferno,10,16,2,2,0,11,10,5,5142,2338760,165,49,0,2,2
2020-01-02,Brute,SKADE,Nuke,14,16,2,2,5,10,9,6,5142,2338760,165,49,0,2,2
2019-12-29,Unique,SKADE,Overpass,16,5,1,2,5,1,11,4,5145,2338752,102,69,1,2,2
2019-12-29,Invictus,MiTH.Maple,Mirage,12,16,2,2,6,7,6,9,5139,2338749,75,149,0,2,2
2019-12-29,Invictus,MiTH.Maple,Overpass,12,16,2,1,8,7,4,9,5139,2338749,75,149,0,2,2
2019-12-29,Nemiga,MiTH.Maple,Overpass,16,13,1,2,8,6,8,7,5139,2338750,52,149,2,1,1
2019-12-29,Nemiga,MiTH.Maple,Inferno,16,6,1,2,6,1,10,5,5139,2338750,52,149,2,1,1
2019-12-29,Unique,SKADE,Train,15,19,2,1,5,10,10,5,5145,2338752,102,69,1,2,2
2019-12-29,Unique,SKADE,Nuke,16,19,2,1,9,6,6,9,5145,2338752,102,69,1,2,2
2019-12-29,Nemiga,MiTH.Maple,Mirage,13,16,2,2,6,8,7,8,5139,2338750,52,149,2,1,1
2019-12-29,Juggernauts,Nemiga,Vertigo,11,16,2,2,2,10,9,6,5139,2338751,64,52,1,2,2
2019-12-29,Phoenix,SKADE,Inferno,10,16,2,1,3,12,7,4,5142,2338753,70,69,3,2,1
2019-12-29,Juggernauts,Nemiga,Inferno,16,11,1,1,9,6,7,5,5139,2338751,64,52,1,2,2
2019-12-29,Phoenix,SKADE,Overpass,19,16,1,2,11,4,4,11,5142,2338753,70,69,3,2,1
2019-12-29,Phoenix,SKADE,Train,5,16,2,2,1,5,4,11,5142,2338753,70,69,3,2,1
2019-12-29,Phoenix,SKADE,Mirage,16,9,1,2,4,6,12,3,5142,2338753,70,69,3,2,1
2019-12-29,Phoenix,SKADE,Dust2,16,10,1,1,8,7,8,3,5142,2338753,70,69,3,2,1
2019-12-29,Juggernauts,Nemiga,Nuke,11,16,2,2,3,9,8,7,5139,2338751,64,52,1,2,2
2019-12-28,Juggernauts,MiTH.Maple,Mirage,16,5,1,1,11,4,5,1,5139,2338726,64,149,2,0,1
2019-12-28,DreamEaters,SKADE,Inferno,8,16,2,2,3,6,5,10,5145,2338743,106,69,0,2,2
2019-12-28,DreamEaters,SKADE,Nuke,2,16,2,1,2,13,0,3,5145,2338743,106,69,0,2,2
2019-12-28,Nemiga,Invictus,Nuke,16,12,1,2,6,7,10,5,5139,2338727,52,75,2,0,1
2019-12-28,Nemiga,Invictus,Mirage,16,14,1,2,7,8,9,6,5139,2338727,52,75,2,0,1
2019-12-28,Project X,PACT,Dust2,7,16,2,2,5,3,2,13,5141,2338735,79,77,1,2,2
2019-12-28,Project X,PACT,Mirage,9,16,2,1,3,12,6,4,5141,2338735,79,77,1,2,2
2019-12-28,Project X,PACT,Inferno,16,2,1,1,13,2,3,0,5141,2338735,79,77,1,2,2
2019-12-28,Juggernauts,MiTH.Maple,Train,16,12,1,2,7,6,9,6,5139,2338726,64,149,2,0,1
2019-12-28,Nemiga,Juggernauts,Inferno,22,19,1,2,6,9,9,6,5139,2338748,52,64,1,2,2
2019-12-28,SG.pro,PACT,Nuke,19,22,2,2,8,7,7,8,5141,2338740,112,77,0,2,2
2019-12-28,SG.pro,PACT,Train,14,16,2,2,6,9,8,7,5141,2338740,112,77,0,2,2
2019-12-28,Ambush,SKADE,Inferno,9,16,2,2,6,4,3,12,5142,2338745,91,69,1,2,2
2019-12-28,Ambush,SKADE,Train,16,14,1,1,7,8,9,6,5142,2338745,91,69,1,2,2
2019-12-28,Ambush,SKADE,Overpass,17,19,2,1,6,9,9,6,5142,2338745,91,69,1,2,2
2019-12-28,Nemiga,Juggernauts,Mirage,4,16,2,1,4,11,0,5,5139,2338748,52,64,1,2,2
2019-12-28,Nemiga,Juggernauts,Nuke,14,16,2,2,6,9,8,7,5139,2338748,52,64,1,2,2
